-- --------------------------------------------------------
-- Host:                         127.0.0.1
-- Server version:               10.4.11-MariaDB - mariadb.org binary distribution
-- Server OS:                    Win64
-- HeidiSQL Version:             9.5.0.5196
-- --------------------------------------------------------

/*!40101 SET @OLD_CHARACTER_SET_CLIENT=@@CHARACTER_SET_CLIENT */;
/*!40101 SET NAMES utf8 */;
/*!50503 SET NAMES utf8mb4 */;
/*!40014 SET @OLD_FOREIGN_KEY_CHECKS=@@FOREIGN_KEY_CHECKS, FOREIGN_KEY_CHECKS=0 */;
/*!40101 SET @OLD_SQL_MODE=@@SQL_MODE, SQL_MODE='NO_AUTO_VALUE_ON_ZERO' */;


-- Dumping database structure for db_tomat
CREATE DATABASE IF NOT EXISTS `db_tomat` /*!40100 DEFAULT CHARACTER SET utf8mb4 */;
USE `db_tomat`;

-- Dumping structure for table db_tomat.data_latih
CREATE TABLE IF NOT EXISTS `data_latih` (
  `id_latih` int(5) NOT NULL,
  `jenis` varchar(10) NOT NULL,
  `area` double NOT NULL,
  `perimeter` double NOT NULL,
  `bentuk` double NOT NULL,
  `G0_kontras` double NOT NULL,
  `G45_kontras` double NOT NULL,
  `G90_kontras` double NOT NULL,
  `G135_kontras` double NOT NULL,
  PRIMARY KEY (`id_latih`)
) ENGINE=InnoDB DEFAULT CHARSET=latin1;

-- Dumping data for table db_tomat.data_latih: ~210 rows (approximately)
/*!40000 ALTER TABLE `data_latih` DISABLE KEYS */;
INSERT INTO `data_latih` (`id_latih`, `jenis`, `area`, `perimeter`, `bentuk`, `G0_kontras`, `G45_kontras`, `G90_kontras`, `G135_kontras`) VALUES
	(1, '0', 0.287005026, 0.125907619, 0.107085044, 0.188309352, 0.216080747, 0.224120996, 0.209679424),
	(2, '0', 0.322655388, 0.356349071, 0.377638367, 0.42655461, 0.394059404, 0.352348627, 0.400173847),
	(3, '0', 0.472587961, 0.170359639, 0.116062856, 0.351142424, 0.338401356, 0.297342671, 0.339185965),
	(4, '0', 0.223525806, 0.151269814, 0.133588794, 0.212598675, 0.237320582, 0.191475864, 0.187465885),
	(5, '0', 0.354014956, 0.140770411, 0.10976216, 0.132248161, 0.147650649, 0.154619054, 0.155359275),
	(6, '0', 0.595402722, 0.258445543, 0.153340176, 0.292671289, 0.373271874, 0.369592682, 0.366217202),
	(7, '0', 0.297768788, 0.118544401, 0.103248864, 0.117595253, 0.147134463, 0.152169839, 0.132118479),
	(8, '0', 0.34003923, 0.227492756, 0.175698393, 0.293928262, 0.322676705, 0.317802514, 0.308730927),
	(9, '0', 0.220019615, 0.233219703, 0.251704247, 0.356268142, 0.401859192, 0.380425499, 0.362705068),
	(10, '0', 0.370270933, 0.170768706, 0.124285186, 0.22439278, 0.278235199, 0.319108846, 0.308136714),
	(11, '0', 0.302525438, 0.253673087, 0.222483951, 0.294306237, 0.311723497, 0.264658885, 0.289660358),
	(12, '0', 0.391528748, 0.180040907, 0.127621492, 0.341156127, 0.378058305, 0.352383221, 0.354540898),
	(13, '0', 0.316378571, 0.206630305, 0.161751235, 0.237258559, 0.287475462, 0.285872473, 0.288081318),
	(14, '0', 0.309415226, 0.236219533, 0.196539747, 0.508097323, 0.454272433, 0.442248971, 0.548543886),
	(15, '0', 0.262020351, 0.178404636, 0.14936137, 0.246503481, 0.272379487, 0.202813849, 0.21219979),
	(16, '0', 0.214649994, 0.332350435, 0.508551202, 0.411062033, 0.398213279, 0.415791462, 0.41215143),
	(17, '0', 0.243189898, 0.179359127, 0.156512189, 0.194459809, 0.236309355, 0.242217924, 0.224382114),
	(18, '0', 0.238040946, 0.243855463, 0.253443164, 0.266015257, 0.301390638, 0.287452801, 0.261044208),
	(19, '0', 0.198099792, 0.167496165, 0.161694317, 0.209645898, 0.259877436, 0.282737218, 0.253130847),
	(20, '0', 0.202022803, 0.233628771, 0.273833122, 0.186193569, 0.2386411, 0.251646823, 0.245289351),
	(21, '0', 0.23340689, 0.192994716, 0.177357379, 0.244535866, 0.266828318, 0.260643041, 0.264471842),
	(22, '0', 0.292055903, 0.337531958, 0.376000372, 0.370828679, 0.386187381, 0.337161719, 0.339103025),
	(23, '0', 0.321797229, 0.358530765, 0.382894686, 0.432694335, 0.397481535, 0.35404367, 0.405335959),
	(24, '0', 0.38505578, 0.153860576, 0.113903237, 0.294075058, 0.288619265, 0.272159307, 0.295733907),
	(25, '0', 0.360733113, 0.335895688, 0.307069867, 0.380094941, 0.417883111, 0.421699725, 0.42207043),
	(26, '0', 0.31162192, 0.341895347, 0.361711911, 0.492956325, 0.519618971, 0.476111695, 0.500156748),
	(27, '0', 0.295733726, 0.199130731, 0.160243582, 0.208289309, 0.249865961, 0.241911876, 0.228121974),
	(28, '0', 0.311867108, 0.309169934, 0.301703505, 0.405552494, 0.494078932, 0.483801252, 0.421657556),
	(29, '0', 0.236030403, 0.355667292, 0.521914372, 0.458386509, 0.476111849, 0.480006332, 0.469974597),
	(30, '0', 0.584737036, 0.239083007, 0.142799428, 0.452598455, 0.486119816, 0.517872959, 0.523716691),
	(31, '0', 0.412835601, 0.307942731, 0.239096342, 0.266310073, 0.315135728, 0.325677323, 0.307480668),
	(32, '0', 0.418989825, 0.177313789, 0.123360555, 0.336646198, 0.313208626, 0.272820411, 0.295436628),
	(33, '0', 0.225977688, 0.253945799, 0.285718832, 0.265028513, 0.325995991, 0.349592725, 0.314634846),
	(34, '0', 0.237820277, 0.241401057, 0.249267852, 0.268145024, 0.302950237, 0.290715807, 0.264085137),
	(35, '0', 0.160855707, 0.163814556, 0.182423697, 0.168693418, 0.203723511, 0.192060793, 0.179315312),
	(36, '0', 0.159727841, 0.157133117, 0.17167042, 0.201170098, 0.271765312, 0.277950177, 0.247465707),
	(37, '0', 0.189174942, 0.140224987, 0.132595292, 0.143657624, 0.203566779, 0.219946056, 0.190603032),
	(38, '0', 0.309292632, 0.451798193, 0.622460159, 0.549022347, 0.502771199, 0.518646068, 0.51534501),
	(39, '0', 0.321797229, 0.344758821, 0.356317788, 0.453514566, 0.490389792, 0.442571109, 0.467958913),
	(40, '0', 0.299950962, 0.230219874, 0.193331646, 0.322575002, 0.380244084, 0.379859047, 0.393209965),
	(41, '0', 0.262044869, 0.160678371, 0.133008732, 0.227027947, 0.246544576, 0.256712549, 0.244877913),
	(42, '0', 0.253218095, 0.164223624, 0.138126656, 0.292080689, 0.333948564, 0.360110326, 0.363955274),
	(43, '0', 0.290977075, 0.21044827, 0.173822377, 0.256031736, 0.280714682, 0.242816034, 0.226514302),
	(44, '0', 0.304388868, 0.17826828, 0.139082047, 0.281036341, 0.302180344, 0.302393959, 0.327092177),
	(45, '0', 0.324371705, 0.163132777, 0.124766206, 0.188078489, 0.239059181, 0.270363099, 0.267800908),
	(46, '0', 0.173409342, 0.155224135, 0.158650469, 0.193463031, 0.215522545, 0.219791674, 0.207483202),
	(47, '0', 0.185350006, 0.106136015, 0.104951766, 0.141961687, 0.181748936, 0.178835172, 0.156098858),
	(48, '0', 0.373041559, 0.145542867, 0.110783302, 0.169791997, 0.192422746, 0.193545563, 0.202153982),
	(49, '0', 0.167230599, 0.144997443, 0.147773586, 0.182467196, 0.196958652, 0.190806459, 0.183431629),
	(50, '0', 0.427252666, 0.149224476, 0.109469801, 0.398098275, 0.368666758, 0.351120643, 0.390903177),
	(51, '0', 0.417445139, 0.173359468, 0.12135625, 0.244048942, 0.238701963, 0.188385591, 0.217211697),
	(52, '0', 0.243704793, 0.182358957, 0.159707938, 0.238520225, 0.250961061, 0.245547919, 0.269342237),
	(53, '0', 0.343692534, 0.136134311, 0.108288426, 0.159162402, 0.21349538, 0.21839838, 0.2000528),
	(54, '0', 0.202341547, 0.154542356, 0.143699208, 0.18978386, 0.222606942, 0.206001106, 0.201125257),
	(55, '0', 0.186061052, 0.097818306, 0.100395561, 0.100388147, 0.137517456, 0.147777732, 0.135597451),
	(56, '0', 0.363871521, 0.395755923, 0.408834155, 0.475818206, 0.446397781, 0.436123107, 0.474737808),
	(57, '0', 0.260671816, 0.346395091, 0.443734179, 0.453897281, 0.496587456, 0.427791512, 0.419360461),
	(58, '0', 0.178509256, 0.09700017, 0.100522567, 0.109735218, 0.13562585, 0.134963737, 0.12284539),
	(59, '0', 0.355584161, 0.339304585, 0.316425184, 0.381769392, 0.43522803, 0.37503317, 0.366197638),
	(60, '0', 0.132119652, 0.120862451, 0.1342022, 0.128884398, 0.151220564, 0.15482704, 0.153117142),
	(61, '0', 0.201924727, 0.20813022, 0.223340021, 0.341027271, 0.350174516, 0.343277912, 0.324904395),
	(62, '0', 0.244097095, 0.26185444, 0.28071837, 0.381534207, 0.396250345, 0.342441308, 0.350284479),
	(63, '0', 0.241792326, 0.262945287, 0.285318462, 0.322035821, 0.361454825, 0.341325589, 0.323702892),
	(64, '0', 0.322851539, 0.316669507, 0.305182476, 0.344573383, 0.34876821, 0.323791977, 0.339862664),
	(65, '0', 0.159212946, 0.186313278, 0.230257243, 0.201446126, 0.224061274, 0.236027169, 0.237947928),
	(66, '0', 0.188709084, 0.138588717, 0.13102448, 0.188587528, 0.205522937, 0.195573847, 0.210850708),
	(67, '0', 0.316476646, 0.450298279, 0.603208481, 0.52818921, 0.518981061, 0.499236264, 0.498624004),
	(68, '0', 0.576719382, 0.267581387, 0.161663993, 0.381047623, 0.377840542, 0.339562105, 0.404025991),
	(69, '0', 0.629532917, 0.245082666, 0.142029181, 0.421918692, 0.402127239, 0.350671312, 0.421919292),
	(70, '0', 0.405014098, 0.367121186, 0.32433444, 0.448339535, 0.534047606, 0.525695567, 0.476565616),
	(71, '1', 0.301986024, 0.211811829, 0.171463619, 0.196045811, 0.288723108, 0.285039368, 0.244715262),
	(72, '1', 0.211119284, 0.339986364, 0.543414376, 0.43544102, 0.418198155, 0.408569238, 0.441091599),
	(73, '1', 0.131261493, 0.187267769, 0.293458044, 0.389379376, 0.345094955, 0.356987443, 0.410170497),
	(74, '1', 0.126038985, 0.16435998, 0.237204289, 0.278474404, 0.280429127, 0.208706804, 0.228653843),
	(75, '1', 0.226639696, 0.360985171, 0.563967933, 0.496380665, 0.46960772, 0.461177728, 0.517478446),
	(76, '1', 0.235834253, 0.364394069, 0.548579117, 0.320461311, 0.438525808, 0.498455575, 0.478149161),
	(77, '1', 0.222741204, 0.339986364, 0.509729034, 0.351910798, 0.397220426, 0.350534507, 0.305255082),
	(78, '1', 0.117751624, 0.10995398, 0.127296579, 0.166724362, 0.174280556, 0.141830539, 0.164630352),
	(79, '1', 0.099632218, 0.173768536, 0.406693136, 0.830703988, 0.696345293, 0.706641735, 0.693166962),
	(80, '1', 0.191994606, 0.156996762, 0.151017883, 0.236489001, 0.260332933, 0.217702286, 0.231943767),
	(81, '1', 0.171742062, 0.170223283, 0.183804005, 0.209171344, 0.207529573, 0.197280002, 0.21798869),
	(82, '1', 0.1315312, 0.188358616, 0.296190657, 0.394585019, 0.351872491, 0.358259749, 0.409276127),
	(83, '1', 0.214772588, 0.310397137, 0.442832575, 0.398283267, 0.31599131, 0.300701201, 0.409571465),
	(84, '1', 0.232965551, 0.260763593, 0.291142639, 0.289126013, 0.34436322, 0.2875413, 0.284886048),
	(85, '1', 0.310739242, 0.309988069, 0.304081131, 0.364326028, 0.375489992, 0.396561819, 0.46470557),
	(86, '1', 0.297450043, 0.479751151, 0.733072033, 0.549377712, 0.503536596, 0.452571653, 0.49301251),
	(87, '1', 0.1518573, 0.186313278, 0.242224984, 0.290935853, 0.28231471, 0.212530913, 0.262738209),
	(88, '1', 0.313460831, 0.466933697, 0.65501777, 0.643637275, 0.628969519, 0.584515038, 0.628919183),
	(89, '1', 0.283842099, 0.410755071, 0.565816933, 0.579300406, 0.548416697, 0.510480117, 0.580209579),
	(90, '1', 0.320277063, 0.512203852, 0.769976293, 0.705310452, 0.658333025, 0.490136653, 0.620398587),
	(91, '1', 0.128907687, 0.142815749, 0.177315845, 0.165675986, 0.195791284, 0.155855818, 0.148752339),
	(92, '1', 0.16803972, 0.209084711, 0.269638623, 0.276385919, 0.331830735, 0.282886074, 0.221976723),
	(93, '1', 0.185987495, 0.314351457, 0.541819292, 0.280816058, 0.383045347, 0.40215398, 0.376206413),
	(94, '1', 0.233774672, 0.424117948, 0.756497272, 0.476165216, 0.566028289, 0.579288914, 0.528318925),
	(95, '1', 0.308311879, 0.471842509, 0.68113403, 0.494712467, 0.500072138, 0.513630473, 0.493072861),
	(96, '1', 0.238604879, 0.332895858, 0.451873936, 0.339490256, 0.30905883, 0.303858691, 0.331374715),
	(97, '1', 0.312504597, 0.184404295, 0.142538235, 0.345142456, 0.336599026, 0.240156998, 0.31292044),
	(98, '1', 0.193048915, 0.19585819, 0.209636995, 0.236519943, 0.244188214, 0.279074133, 0.311783362),
	(99, '1', 0.10684075, 0.109408556, 0.13581889, 0.192586854, 0.186699991, 0.146985179, 0.178466675),
	(100, '1', 0.338813289, 0.551201636, 0.838532701, 0.671491341, 0.590663928, 0.566531769, 0.651546178),
	(101, '1', 0.245690818, 0.433799216, 0.745999565, 0.59709167, 0.562600154, 0.506388873, 0.559001337),
	(102, '1', 0.238188059, 0.378711437, 0.58628947, 0.524736153, 0.487561941, 0.425190594, 0.443438746),
	(103, '1', 0.183045237, 0.21508437, 0.25976829, 0.332839589, 0.323672181, 0.314998934, 0.36307388),
	(104, '1', 0.22656614, 0.353485597, 0.540617506, 0.440656326, 0.43731417, 0.456923011, 0.457050164),
	(105, '1', 0.125646684, 0.183449804, 0.299256378, 0.207848243, 0.207191465, 0.282368984, 0.276048324),
	(106, '1', 0.318707858, 0.231310721, 0.187041922, 0.33496864, 0.314261439, 0.2202356, 0.278957681),
	(107, '1', 0.12302317, 0.154542356, 0.216476697, 0.255661524, 0.25082127, 0.207829094, 0.215910505),
	(108, '1', 0.302942258, 0.409391512, 0.524051226, 0.476751719, 0.49769878, 0.473936614, 0.454562909),
	(109, '1', 0.209868824, 0.283807738, 0.380712726, 0.405288308, 0.397954339, 0.344123935, 0.335569085),
	(110, '1', 0.145948265, 0.265672405, 0.531751989, 0.34912767, 0.39960013, 0.372046811, 0.319003538),
	(111, '1', 0.117604511, 0.204584967, 0.425043519, 0.336548775, 0.305862464, 0.345390157, 0.349037358),
	(112, '1', 0.185497119, 0.256945628, 0.360112954, 0.351229551, 0.394649895, 0.377901827, 0.341569955),
	(113, '1', 0.169559887, 0.32089654, 0.641586643, 0.394328508, 0.383909529, 0.335723809, 0.32847361),
	(114, '1', 0.132855216, 0.222583944, 0.417724276, 0.344122783, 0.363387876, 0.314666442, 0.282006961),
	(115, '1', 0.244317764, 0.406391682, 0.656919354, 0.429259714, 0.398501488, 0.388583645, 0.42052199),
	(116, '1', 0.150655878, 0.239355718, 0.40559678, 0.274511534, 0.290081663, 0.320050702, 0.323727001),
	(117, '1', 0.11037146, 0.134225328, 0.188553569, 0.201717304, 0.253449113, 0.244227199, 0.210590014),
	(118, '1', 0.165514282, 0.234719618, 0.344378692, 0.379045124, 0.344099759, 0.321103011, 0.371233074),
	(119, '1', 0.099901925, 0.12918016, 0.201571845, 0.324799853, 0.284671301, 0.292401532, 0.322866988),
	(120, '1', 0.196579625, 0.250400545, 0.320823474, 0.298676529, 0.354002416, 0.373071525, 0.356268627),
	(121, '1', 0.167475788, 0.133134481, 0.132556653, 0.133889106, 0.186859048, 0.15891488, 0.129243198),
	(122, '1', 0.164361898, 0.204312255, 0.264397908, 0.254599696, 0.295484032, 0.305492325, 0.281389497),
	(123, '1', 0.238506804, 0.306715528, 0.385327081, 0.333382923, 0.425651007, 0.451151634, 0.417671091),
	(124, '1', 0.252825794, 0.429572183, 0.706579224, 0.493226223, 0.516987616, 0.513563691, 0.505738658),
	(125, '1', 0.13319848, 0.235810465, 0.47246734, 0.307030483, 0.324225816, 0.330371012, 0.321588409),
	(126, '1', 0.337685424, 0.574927561, 0.91647707, 0.700626308, 0.649703794, 0.638943044, 0.682785426),
	(127, '1', 0.219847983, 0.337668314, 0.510508665, 0.426248237, 0.472471109, 0.415761707, 0.428328633),
	(128, '1', 0.233554003, 0.526930288, 1.192, 0.715743429, 0.616894738, 0.674323295, 0.707059803),
	(129, '1', 0.165195538, 0.311897051, 0.62646307, 0.411471633, 0.417497277, 0.378048112, 0.361964675),
	(130, '1', 0.113975726, 0.155360491, 0.243145361, 0.169529908, 0.205300549, 0.209617497, 0.164491582),
	(131, '1', 0.168530097, 0.265945117, 0.434826962, 0.300391011, 0.361992391, 0.341930979, 0.307164492),
	(132, '1', 0.094164521, 0.140770411, 0.276458504, 1.124, 0.999541398, 1.02, 0.947309603),
	(133, '1', 0.13900944, 0.212084541, 0.351658427, 0.268688689, 0.336107258, 0.322433574, 0.306070647),
	(134, '1', 0.093845777, 0.127680245, 0.220184406, 0.579478905, 0.50986642, 0.50554265, 0.466248051),
	(135, '1', 0.188733603, 0.271672064, 0.394401291, 0.261440695, 0.357442721, 0.397652465, 0.378039529),
	(136, '1', 0.347247763, 0.331805011, 0.310671572, 0.427507141, 0.5314673, 0.459406211, 0.440277719),
	(137, '1', 0.177577541, 0.219584115, 0.278709754, 0.357930632, 0.368351534, 0.322940333, 0.359723211),
	(138, '1', 0.251281108, 0.392619738, 0.592690521, 0.524541417, 0.493270949, 0.422923402, 0.447330127),
	(139, '1', 0.174978546, 0.308760866, 0.565778285, 0.503223003, 0.452142047, 0.382997105, 0.478530739),
	(140, '1', 0.110322422, 0.118953469, 0.151100969, 0.156727224, 0.190619281, 0.188362478, 0.163363649),
	(141, '2', 0.22448204, 0.212357252, 0.211271464, 0.247317104, 0.265210363, 0.244287595, 0.280706259),
	(142, '2', 0.172428589, 0.165314471, 0.174970352, 0.201465823, 0.226018094, 0.209697334, 0.217211503),
	(143, '2', 0.111352213, 0.157542185, 0.259853265, 0.196267842, 0.229411181, 0.211882831, 0.212189702),
	(144, '2', 0.156197131, 0.144042952, 0.153163514, 0.174161664, 0.207550429, 0.198081405, 0.196986404),
	(145, '2', 0.117653549, 0.151678882, 0.221070083, 0.188485759, 0.206078344, 0.194589043, 0.201829794),
	(146, '2', 0.169044992, 0.184540651, 0.213359248, 0.228089991, 0.253541168, 0.258625356, 0.255016198),
	(147, '2', 0.121723673, 0.147042782, 0.199145264, 0.209864548, 0.267674256, 0.241459124, 0.2090507),
	(148, '2', 0.209452004, 0.740054542, 2.836, 1.157, 0.911369582, 1.049, 0.911106446),
	(149, '2', 0.140284418, 0.204312255, 0.321009944, 0.300088583, 0.306285927, 0.271637744, 0.31159823),
	(150, '2', 0.251599853, 0.276035453, 0.299957636, 0.25624065, 0.277475623, 0.259977223, 0.255817961),
	(151, '2', 0.325818316, 0.282853247, 0.250108612, 0.312661753, 0.338253831, 0.325334171, 0.32073332),
	(152, '2', 0.135748437, 0.117317198, 0.127167993, 0.130034207, 0.17244589, 0.15605831, 0.144330494),
	(153, '2', 0.122042418, 0.143088461, 0.188598153, 0.213578725, 0.236841655, 0.219794118, 0.223188222),
	(154, '2', 0.096199583, 0.109817624, 0.152796348, 0.364684559, 0.357864, 0.357446787, 0.339552472),
	(155, '2', 0.161321564, 0.482341912, 1.678, 1.393, 1.113, 1.26, 1.115),
	(156, '2', 0.158158637, 0.241810124, 0.387906478, 0.364038631, 0.39121513, 0.345010608, 0.371688671),
	(157, '2', 0.135944587, 0.193949207, 0.300729474, 0.274855933, 0.29869438, 0.265627999, 0.280428645),
	(158, '2', 0.142834375, 0.420572695, 1.525, 1.33, 1.07, 1.215, 1.073),
	(159, '2', 0.16617629, 0.493659451, 1.683, 1.205, 0.987919048, 1.059, 0.984862909),
	(160, '2', 0.323636141, 0.462297597, 0.620321458, 0.660270343, 0.701408944, 0.598819351, 0.66881167),
	(161, '2', 0.184884149, 0.213175388, 0.253003357, 0.195839196, 0.243671665, 0.244953255, 0.242215855),
	(162, '2', 0.198492093, 0.278353503, 0.390291698, 0.386926493, 0.422449061, 0.381608114, 0.42696313),
	(163, '2', 0.141191615, 0.170086927, 0.221170976, 0.25359833, 0.269449248, 0.264031952, 0.262186913),
	(164, '2', 0.158330268, 0.222174876, 0.325632488, 0.257245457, 0.300941957, 0.290548414, 0.279369838),
	(165, '2', 0.358894201, 0.359485257, 0.3476099, 0.334564821, 0.380280678, 0.367316367, 0.390380337),
	(166, '2', 0.144060316, 0.21044827, 0.329292748, 0.404655511, 0.446056198, 0.388548497, 0.404627861),
	(167, '2', 0.263466961, 0.340395432, 0.424145918, 0.413790613, 0.438993788, 0.435474708, 0.438771481),
	(168, '2', 0.129226431, 0.17131413, 0.249575662, 0.278967989, 0.299263431, 0.267215691, 0.301632542),
	(169, '2', 0.209231335, 0.39221067, 0.739124649, 0.581533314, 0.634753512, 0.535814415, 0.599437855),
	(170, '2', 0.26162805, 0.502931652, 0.938146124, 0.740043755, 0.752907055, 0.683463769, 0.702595528),
	(171, '2', 0.120399657, 0.152224305, 0.21596891, 0.211751367, 0.248496395, 0.226084183, 0.244722972),
	(172, '2', 0.426492583, 0.372166354, 0.317805314, 0.35069148, 0.384434395, 0.338836382, 0.393762787),
	(173, '2', 0.195966654, 0.358121698, 0.665019064, 0.640277351, 0.610542844, 0.558111934, 0.613384403),
	(174, '2', 0.148645335, 0.214675303, 0.329107704, 0.298870958, 0.294965534, 0.262009049, 0.313934461),
	(175, '2', 0.277614319, 0.336304755, 0.392739516, 0.573371921, 0.553026505, 0.512356946, 0.574514412),
	(176, '2', 0.329986515, 0.222856656, 0.174033551, 0.32146922, 0.348601172, 0.312199047, 0.351978995),
	(177, '2', 0.140014711, 0.167359809, 0.216576806, 0.298821127, 0.334896905, 0.29788969, 0.31359852),
	(178, '2', 0.537906093, 0.439526163, 0.348057782, 0.362543335, 0.404018472, 0.352028311, 0.412764928),
	(179, '2', 0.210825058, 0.211266405, 0.220653825, 0.302026193, 0.3299416, 0.302588662, 0.329350946),
	(180, '2', 0.297450043, 0.331668655, 0.35759031, 0.361189939, 0.399393719, 0.346416966, 0.37883558),
	(181, '2', 0.243655756, 0.266217829, 0.289630242, 0.394388098, 0.425014473, 0.390109339, 0.413426687),
	(182, '2', 0.291737158, 0.284898585, 0.277454964, 0.416170495, 0.477793511, 0.430428789, 0.447519175),
	(183, '2', 0.175125659, 0.150860747, 0.151476885, 0.202854762, 0.232635975, 0.222483079, 0.237587741),
	(184, '2', 0.411879367, 0.397119482, 0.367018483, 0.426679241, 0.472543017, 0.402634604, 0.463216531),
	(185, '2', 0.289309795, 0.31857849, 0.341025586, 0.441295133, 0.473773709, 0.413703396, 0.468485047),
	(186, '2', 0.42053451, 0.478523948, 0.507473722, 0.586607691, 0.651914538, 0.604086991, 0.664330757),
	(187, '2', 0.313926689, 0.464206579, 0.646370201, 0.635465136, 0.651265151, 0.607065391, 0.659983449),
	(188, '2', 0.150435209, 0.222447588, 0.348621944, 0.309191028, 0.350541963, 0.310443807, 0.337783822),
	(189, '2', 0.410310163, 0.356076359, 0.304390496, 0.524177215, 0.587774625, 0.488758033, 0.527372401),
	(190, '2', 0.125597646, 0.235674109, 0.521201533, 0.425000995, 0.470246777, 0.425579416, 0.45709342),
	(191, '2', 0.431617016, 0.322669167, 0.248881191, 0.399396279, 0.425099199, 0.375415667, 0.40790392),
	(192, '2', 0.245298517, 0.264990626, 0.285441189, 0.307807043, 0.356623166, 0.309268012, 0.349350863),
	(193, '2', 0.199056025, 0.175813874, 0.172752523, 0.209213041, 0.240702626, 0.213782868, 0.230327378),
	(194, '2', 0.21327694, 0.226265553, 0.24559714, 0.306027346, 0.390202646, 0.343386483, 0.31235778),
	(195, '2', 0.351489518, 0.43434464, 0.504032879, 0.520066196, 0.576880999, 0.463309344, 0.532717383),
	(196, '2', 0.137195047, 0.196949037, 0.306606445, 0.283814596, 0.316997519, 0.28395191, 0.293965803),
	(197, '2', 0.175003065, 0.240719277, 0.33870191, 0.280742483, 0.331085461, 0.295045097, 0.317879863),
	(198, '2', 0.122140493, 0.164632691, 0.248315382, 0.229194442, 0.258920119, 0.2576403, 0.279973831),
	(199, '2', 0.138151281, 0.296897904, 0.743137473, 0.567299131, 0.602634328, 0.524647158, 0.570572223),
	(200, '2', 0.152102489, 0.250536901, 0.440903659, 0.353627419, 0.386282124, 0.368706188, 0.390281346),
	(201, '2', 0.496542847, 0.459297767, 0.403015269, 0.425050276, 0.466499079, 0.375535491, 0.438003322),
	(202, '2', 0.243165379, 0.373938981, 0.557855185, 0.534675821, 0.579672902, 0.477690566, 0.536393981),
	(203, '2', 0.286024274, 0.317351287, 0.342325117, 0.277267528, 0.298555474, 0.279250221, 0.311902553),
	(204, '2', 0.191970087, 0.211539117, 0.240571518, 0.292185692, 0.354506612, 0.308935495, 0.323983243),
	(205, '2', 0.192019125, 0.248764275, 0.325014466, 0.278158239, 0.31516439, 0.325992559, 0.342027013),
	(206, '2', 0.30497732, 0.336577467, 0.358721953, 0.369008116, 0.387444979, 0.367053284, 0.415796334),
	(207, '2', 0.222079196, 0.323078234, 0.461639486, 0.355432818, 0.389934353, 0.345043641, 0.38214883),
	(208, '2', 0.331800907, 0.248900631, 0.202333639, 0.293845053, 0.338837547, 0.289836588, 0.326077106),
	(209, '2', 0.138764252, 0.225856485, 0.403374013, 0.357699843, 0.417454303, 0.393224678, 0.401695505),
	(210, '2', 0.183462057, 0.2771263, 0.424930214, 0.481554051, 0.488401082, 0.453057596, 0.49813141);
/*!40000 ALTER TABLE `data_latih` ENABLE KEYS */;

-- Dumping structure for table db_tomat.data_latih_normalized
CREATE TABLE IF NOT EXISTS `data_latih_normalized` (
  `id_latih` int(5) NOT NULL,
  `jenis` varchar(10) NOT NULL,
  `area` double NOT NULL,
  `perimeter` double NOT NULL,
  `bentuk` double NOT NULL,
  `G0_kontras` double NOT NULL,
  `G45_kontras` double NOT NULL,
  `G90_kontras` double NOT NULL,
  `G135_kontras` double NOT NULL,
  PRIMARY KEY (`id_latih`)
) ENGINE=InnoDB DEFAULT CHARSET=latin1;

-- Dumping data for table db_tomat.data_latih_normalized: ~210 rows (approximately)
/*!40000 ALTER TABLE `data_latih_normalized` DISABLE KEYS */;
INSERT INTO `data_latih_normalized` (`id_latih`, `jenis`, `area`, `perimeter`, `bentuk`, `G0_kontras`, `G45_kontras`, `G90_kontras`, `G135_kontras`) VALUES
	(1, '0', 0.3606, 0.045, 0.0024, 0.068, 0.0823, 0.0792, 0.0875),
	(2, '0', 0.4271, 0.4033, 0.1013, 0.2523, 0.2644, 0.1932, 0.2795),
	(3, '0', 0.707, 0.1141, 0.0057, 0.194, 0.2075, 0.1443, 0.2181),
	(4, '0', 0.2421, 0.0844, 0.0121, 0.0868, 0.104, 0.0502, 0.0651),
	(5, '0', 0.4857, 0.0681, 0.0034, 0.0246, 0.0123, 0.0175, 0.0328),
	(6, '0', 0.9363, 0.2511, 0.0194, 0.1488, 0.2431, 0.2086, 0.2453),
	(7, '0', 0.3807, 0.0335, 0.001, 0.0133, 0.0118, 0.0153, 0.0093),
	(8, '0', 0.4596, 0.2029, 0.0275, 0.1497, 0.1914, 0.1625, 0.1874),
	(9, '0', 0.2355, 0.2118, 0.0553, 0.198, 0.2724, 0.2182, 0.2418),
	(10, '0', 0.516, 0.1147, 0.0087, 0.0959, 0.1459, 0.1637, 0.1868),
	(11, '0', 0.3896, 0.2436, 0.0446, 0.15, 0.1802, 0.1153, 0.1681),
	(12, '0', 0.5557, 0.1291, 0.01, 0.1863, 0.248, 0.1933, 0.2335),
	(13, '0', 0.4154, 0.1705, 0.0224, 0.1059, 0.1554, 0.1341, 0.1665),
	(14, '0', 0.4024, 0.2165, 0.0351, 0.3154, 0.326, 0.2731, 0.4291),
	(15, '0', 0.3139, 0.1266, 0.0179, 0.113, 0.1399, 0.0603, 0.0901),
	(16, '0', 0.2255, 0.366, 0.1492, 0.2403, 0.2687, 0.2496, 0.2916),
	(17, '0', 0.2788, 0.1281, 0.0205, 0.0728, 0.103, 0.0953, 0.1023),
	(18, '0', 0.2692, 0.2284, 0.0559, 0.1281, 0.1696, 0.1355, 0.1393),
	(19, '0', 0.1946, 0.1096, 0.0224, 0.0845, 0.1271, 0.1313, 0.1313),
	(20, '0', 0.2019, 0.2125, 0.0634, 0.0664, 0.1054, 0.1037, 0.1234),
	(21, '0', 0.2605, 0.1493, 0.0281, 0.1115, 0.1342, 0.1117, 0.1427),
	(22, '0', 0.37, 0.374, 0.1007, 0.2092, 0.2564, 0.1797, 0.218),
	(23, '0', 0.4255, 0.4067, 0.1033, 0.2571, 0.2679, 0.1947, 0.2847),
	(24, '0', 0.5436, 0.0884, 0.0049, 0.1498, 0.1565, 0.1219, 0.1743),
	(25, '0', 0.4982, 0.3715, 0.0755, 0.2164, 0.2888, 0.2549, 0.3016),
	(26, '0', 0.4065, 0.3808, 0.0955, 0.3037, 0.3929, 0.3032, 0.3803),
	(27, '0', 0.3769, 0.1588, 0.0219, 0.0835, 0.1169, 0.0951, 0.1061),
	(28, '0', 0.407, 0.3299, 0.0736, 0.2361, 0.3668, 0.3101, 0.3012),
	(29, '0', 0.2654, 0.4022, 0.1541, 0.277, 0.3484, 0.3067, 0.3499),
	(30, '0', 0.9164, 0.2209, 0.0155, 0.2725, 0.3586, 0.3404, 0.404),
	(31, '0', 0.5955, 0.328, 0.0507, 0.1284, 0.1837, 0.1695, 0.1861),
	(32, '0', 0.607, 0.1249, 0.0084, 0.1828, 0.1817, 0.1225, 0.174),
	(33, '0', 0.2467, 0.2441, 0.0677, 0.1274, 0.1948, 0.1908, 0.1933),
	(34, '0', 0.2688, 0.2246, 0.0544, 0.1298, 0.1712, 0.1384, 0.1424),
	(35, '0', 0.1251, 0.1039, 0.03, 0.0528, 0.0697, 0.0508, 0.0569),
	(36, '0', 0.123, 0.0935, 0.0261, 0.078, 0.1393, 0.1271, 0.1256),
	(37, '0', 0.178, 0.0672, 0.0118, 0.0335, 0.0695, 0.0755, 0.0683),
	(38, '0', 0.4022, 0.5517, 0.1908, 0.3471, 0.3756, 0.341, 0.3956),
	(39, '0', 0.4255, 0.3853, 0.0936, 0.2732, 0.363, 0.2734, 0.3478),
	(40, '0', 0.3847, 0.2072, 0.034, 0.1719, 0.2503, 0.2177, 0.2725),
	(41, '0', 0.314, 0.099, 0.0119, 0.098, 0.1135, 0.1082, 0.123),
	(42, '0', 0.2975, 0.1045, 0.0138, 0.1483, 0.2029, 0.2001, 0.243),
	(43, '0', 0.368, 0.1764, 0.0268, 0.1204, 0.1484, 0.0959, 0.1045),
	(44, '0', 0.393, 0.1264, 0.0141, 0.1398, 0.1704, 0.1488, 0.2059),
	(45, '0', 0.4303, 0.1028, 0.0089, 0.0678, 0.1058, 0.1204, 0.1461),
	(46, '0', 0.1485, 0.0905, 0.0213, 0.072, 0.0817, 0.0754, 0.0853),
	(47, '0', 0.1708, 0.0142, 0.0017, 0.0322, 0.0472, 0.039, 0.0335),
	(48, '0', 0.5212, 0.0755, 0.0038, 0.0537, 0.0581, 0.0521, 0.0799),
	(49, '0', 0.137, 0.0746, 0.0173, 0.0635, 0.0628, 0.0496, 0.0611),
	(50, '0', 0.6224, 0.0812, 0.0033, 0.2303, 0.2384, 0.1921, 0.2702),
	(51, '0', 0.6041, 0.1187, 0.0077, 0.1111, 0.1055, 0.0475, 0.0951),
	(52, '0', 0.2798, 0.1327, 0.0217, 0.1069, 0.118, 0.0983, 0.1477),
	(53, '0', 0.4664, 0.0609, 0.0029, 0.0455, 0.0797, 0.0742, 0.0778),
	(54, '0', 0.2025, 0.0895, 0.0158, 0.0692, 0.089, 0.0631, 0.0789),
	(55, '0', 0.1721, 0.0013, 0, 0, 0.0019, 0.0114, 0.0129),
	(56, '0', 0.5041, 0.4646, 0.1127, 0.2904, 0.318, 0.2677, 0.3547),
	(57, '0', 0.3114, 0.3878, 0.1255, 0.2735, 0.3693, 0.2603, 0.2989),
	(58, '0', 0.158, 0, 0, 0.0072, 0, 0, 0),
	(59, '0', 0.4886, 0.3768, 0.079, 0.2177, 0.3065, 0.2134, 0.2453),
	(60, '0', 0.0714, 0.0371, 0.0124, 0.022, 0.016, 0.0177, 0.0305),
	(61, '0', 0.2018, 0.1728, 0.0449, 0.1862, 0.2195, 0.1852, 0.2037),
	(62, '0', 0.2805, 0.2564, 0.0659, 0.2175, 0.2667, 0.1844, 0.2292),
	(63, '0', 0.2762, 0.2581, 0.0676, 0.1715, 0.2311, 0.1834, 0.2024),
	(64, '0', 0.4275, 0.3416, 0.0749, 0.1889, 0.2181, 0.1678, 0.2187),
	(65, '0', 0.122, 0.1389, 0.0475, 0.0782, 0.0905, 0.0898, 0.116),
	(66, '0', 0.1771, 0.0647, 0.0112, 0.0682, 0.0715, 0.0539, 0.0887),
	(67, '0', 0.4156, 0.5494, 0.1838, 0.331, 0.3922, 0.3238, 0.3788),
	(68, '0', 0.9014, 0.2653, 0.0224, 0.2171, 0.2478, 0.1819, 0.2834),
	(69, '0', 1, 0.2303, 0.0152, 0.2487, 0.2727, 0.1917, 0.3014),
	(70, '0', 0.5809, 0.4201, 0.0819, 0.2692, 0.4076, 0.3473, 0.3565),
	(71, '1', 0.3885, 0.1785, 0.026, 0.074, 0.1566, 0.1334, 0.1228),
	(72, '1', 0.2189, 0.3779, 0.1619, 0.2592, 0.2891, 0.2432, 0.3208),
	(73, '1', 0.0698, 0.1404, 0.0706, 0.2236, 0.2143, 0.1973, 0.2896),
	(74, '1', 0.0601, 0.1047, 0.05, 0.1378, 0.1482, 0.0655, 0.1066),
	(75, '1', 0.2479, 0.4105, 0.1695, 0.3064, 0.3417, 0.29, 0.3978),
	(76, '1', 0.2651, 0.4158, 0.1638, 0.1703, 0.3099, 0.3231, 0.3581),
	(77, '1', 0.2406, 0.3779, 0.1496, 0.1946, 0.2677, 0.1916, 0.1839),
	(78, '1', 0.0446, 0.0201, 0.0098, 0.0513, 0.0395, 0.0061, 0.0421),
	(79, '1', 0.0108, 0.1194, 0.112, 0.565, 0.5737, 0.5081, 0.5748),
	(80, '1', 0.1832, 0.0933, 0.0185, 0.1053, 0.1276, 0.0735, 0.11),
	(81, '1', 0.1454, 0.1139, 0.0305, 0.0842, 0.0736, 0.0554, 0.0959),
	(82, '1', 0.0703, 0.1421, 0.0716, 0.2276, 0.2213, 0.1985, 0.2887),
	(83, '1', 0.2257, 0.3318, 0.1252, 0.2305, 0.1845, 0.1473, 0.289),
	(84, '1', 0.2597, 0.2547, 0.0697, 0.146, 0.2136, 0.1356, 0.1633),
	(85, '1', 0.4049, 0.3312, 0.0745, 0.2042, 0.2454, 0.2325, 0.3446),
	(86, '1', 0.3801, 0.5952, 0.2313, 0.3474, 0.3764, 0.2823, 0.3731),
	(87, '1', 0.1083, 0.1389, 0.0518, 0.1474, 0.1501, 0.0689, 0.141),
	(88, '1', 0.41, 0.5753, 0.2027, 0.4203, 0.5048, 0.3996, 0.5101),
	(89, '1', 0.3547, 0.4879, 0.1701, 0.3705, 0.4223, 0.3338, 0.461),
	(90, '1', 0.4227, 0.6457, 0.2448, 0.468, 0.5348, 0.3157, 0.5015),
	(91, '1', 0.0655, 0.0712, 0.0281, 0.0505, 0.0616, 0.0186, 0.0261),
	(92, '1', 0.1385, 0.1743, 0.0619, 0.1362, 0.2007, 0.1315, 0.0999),
	(93, '1', 0.172, 0.338, 0.1614, 0.1396, 0.2531, 0.2375, 0.2554),
	(94, '1', 0.2612, 0.5087, 0.2398, 0.2907, 0.4404, 0.3949, 0.4087),
	(95, '1', 0.4004, 0.5829, 0.2123, 0.3051, 0.3729, 0.3366, 0.3732),
	(96, '1', 0.2702, 0.3668, 0.1285, 0.185, 0.1774, 0.1501, 0.2102),
	(97, '1', 0.4082, 0.1359, 0.0154, 0.1893, 0.2056, 0.0935, 0.1916),
	(98, '1', 0.1852, 0.1537, 0.0399, 0.1053, 0.1111, 0.1281, 0.1904),
	(99, '1', 0.0243, 0.0193, 0.0129, 0.0713, 0.0523, 0.0107, 0.0561),
	(100, '1', 0.4573, 0.7063, 0.2698, 0.4418, 0.4656, 0.3836, 0.5329),
	(101, '1', 0.2835, 0.5237, 0.236, 0.3843, 0.4369, 0.3301, 0.4396),
	(102, '1', 0.2695, 0.4381, 0.1776, 0.3283, 0.3601, 0.258, 0.3231),
	(103, '1', 0.1665, 0.1836, 0.0583, 0.1798, 0.1924, 0.16, 0.2421),
	(104, '1', 0.2478, 0.3989, 0.1609, 0.2632, 0.3087, 0.2862, 0.3368),
	(105, '1', 0.0594, 0.1344, 0.0727, 0.0831, 0.0732, 0.131, 0.1544),
	(106, '1', 0.4198, 0.2089, 0.0317, 0.1815, 0.1828, 0.0758, 0.1573),
	(107, '1', 0.0545, 0.0895, 0.0424, 0.1201, 0.1179, 0.0648, 0.0938),
	(108, '1', 0.3903, 0.4858, 0.1549, 0.2912, 0.3705, 0.3013, 0.3343),
	(109, '1', 0.2166, 0.2905, 0.1025, 0.2359, 0.2684, 0.1859, 0.2144),
	(110, '1', 0.0973, 0.2623, 0.1577, 0.1924, 0.2701, 0.2107, 0.1977),
	(111, '1', 0.0444, 0.1673, 0.1187, 0.1827, 0.1742, 0.187, 0.228),
	(112, '1', 0.1711, 0.2487, 0.0949, 0.1941, 0.265, 0.2159, 0.2205),
	(113, '1', 0.1413, 0.3482, 0.1978, 0.2274, 0.254, 0.1784, 0.2073),
	(114, '1', 0.0728, 0.1953, 0.116, 0.1886, 0.233, 0.1597, 0.1604),
	(115, '1', 0.2809, 0.4811, 0.2034, 0.2544, 0.269, 0.2254, 0.3),
	(116, '1', 0.1061, 0.2214, 0.1116, 0.1347, 0.158, 0.1645, 0.2025),
	(117, '1', 0.0308, 0.0579, 0.0322, 0.0784, 0.1206, 0.0971, 0.0884),
	(118, '1', 0.1338, 0.2142, 0.0892, 0.2156, 0.2133, 0.1655, 0.2504),
	(119, '1', 0.0113, 0.05, 0.037, 0.1736, 0.1525, 0.1399, 0.2016),
	(120, '1', 0.1918, 0.2385, 0.0806, 0.1534, 0.2234, 0.2116, 0.2353),
	(121, '1', 0.1374, 0.0562, 0.0118, 0.0259, 0.0524, 0.0213, 0.0064),
	(122, '1', 0.1316, 0.1669, 0.06, 0.1193, 0.1636, 0.1516, 0.1598),
	(123, '1', 0.27, 0.3261, 0.1042, 0.1803, 0.2967, 0.281, 0.2972),
	(124, '1', 0.2968, 0.5172, 0.2216, 0.3039, 0.3902, 0.3365, 0.3859),
	(125, '1', 0.0735, 0.2159, 0.136, 0.1599, 0.193, 0.1737, 0.2003),
	(126, '1', 0.4552, 0.7432, 0.2983, 0.4644, 0.526, 0.448, 0.5644),
	(127, '1', 0.2352, 0.3743, 0.1499, 0.2521, 0.3446, 0.2496, 0.3079),
	(128, '1', 0.2608, 0.6686, 0.399, 0.4761, 0.4924, 0.4794, 0.5888),
	(129, '1', 0.1332, 0.3342, 0.1923, 0.2407, 0.2884, 0.2161, 0.241),
	(130, '1', 0.0376, 0.0908, 0.0522, 0.0535, 0.0713, 0.0664, 0.042),
	(131, '1', 0.1394, 0.2627, 0.1223, 0.1547, 0.2316, 0.184, 0.1858),
	(132, '1', 0.0006, 0.0681, 0.0644, 0.7919, 0.8839, 0.7867, 0.831),
	(133, '1', 0.0843, 0.179, 0.0918, 0.1302, 0.2051, 0.1666, 0.1847),
	(134, '1', 0, 0.0477, 0.0438, 0.3706, 0.3829, 0.3294, 0.3461),
	(135, '1', 0.1771, 0.2716, 0.1075, 0.1246, 0.227, 0.2335, 0.2572),
	(136, '1', 0.473, 0.3651, 0.0769, 0.2531, 0.405, 0.2884, 0.3199),
	(137, '1', 0.1563, 0.1906, 0.0652, 0.1992, 0.2381, 0.1671, 0.2388),
	(138, '1', 0.2939, 0.4597, 0.18, 0.3281, 0.3659, 0.256, 0.3271),
	(139, '1', 0.1515, 0.3293, 0.1701, 0.3116, 0.3238, 0.2205, 0.3585),
	(140, '1', 0.0308, 0.0341, 0.0185, 0.0436, 0.0563, 0.0475, 0.0408),
	(141, '2', 0.2439, 0.1794, 0.0405, 0.1137, 0.1326, 0.0972, 0.1591),
	(142, '2', 0.1467, 0.1062, 0.0273, 0.0782, 0.0925, 0.0664, 0.0951),
	(143, '2', 0.0327, 0.0941, 0.0583, 0.0742, 0.096, 0.0684, 0.0901),
	(144, '2', 0.1164, 0.0732, 0.0193, 0.0571, 0.0736, 0.0561, 0.0747),
	(145, '2', 0.0444, 0.085, 0.0441, 0.0682, 0.0721, 0.053, 0.0796),
	(146, '2', 0.1404, 0.1361, 0.0413, 0.0988, 0.1206, 0.1099, 0.1332),
	(147, '2', 0.052, 0.0778, 0.0361, 0.0847, 0.1351, 0.0947, 0.0869),
	(148, '2', 0.2158, 1, 1, 0.8174, 0.7937, 0.8125, 0.7945),
	(149, '2', 0.0867, 0.1669, 0.0806, 0.1545, 0.1746, 0.1215, 0.1902),
	(150, '2', 0.2945, 0.2784, 0.0729, 0.1206, 0.1451, 0.1111, 0.134),
	(151, '2', 0.433, 0.289, 0.0547, 0.1642, 0.2073, 0.1692, 0.1995),
	(152, '2', 0.0782, 0.0316, 0.0098, 0.0229, 0.0377, 0.0188, 0.0217),
	(153, '2', 0.0526, 0.0717, 0.0322, 0.0876, 0.1036, 0.0754, 0.1011),
	(154, '2', 0.0044, 0.0199, 0.0192, 0.2045, 0.2274, 0.1978, 0.2184),
	(155, '2', 0.126, 0.5992, 0.5767, 1, 1, 1, 1),
	(156, '2', 0.1201, 0.2252, 0.1051, 0.204, 0.2615, 0.1867, 0.2508),
	(157, '2', 0.0786, 0.1508, 0.0732, 0.135, 0.1668, 0.1161, 0.1588),
	(158, '2', 0.0915, 0.5032, 0.5208, 0.9513, 0.956, 0.96, 0.9577),
	(159, '2', 0.135, 0.6168, 0.5785, 0.8546, 0.872, 0.8213, 0.8688),
	(160, '2', 0.429, 0.5681, 0.1901, 0.4331, 0.5789, 0.4123, 0.5503),
	(161, '2', 0.1699, 0.1807, 0.0558, 0.0738, 0.1105, 0.0978, 0.1203),
	(162, '2', 0.1953, 0.282, 0.106, 0.2217, 0.2935, 0.2192, 0.3065),
	(163, '2', 0.0884, 0.1137, 0.0441, 0.1185, 0.1369, 0.1147, 0.1404),
	(164, '2', 0.1204, 0.1947, 0.0823, 0.1213, 0.1691, 0.1383, 0.1578),
	(165, '2', 0.4948, 0.4082, 0.0904, 0.1812, 0.2503, 0.2065, 0.2697),
	(166, '2', 0.0937, 0.1764, 0.0837, 0.2354, 0.3176, 0.2254, 0.284),
	(167, '2', 0.3166, 0.3785, 0.1183, 0.2425, 0.3104, 0.2671, 0.3184),
	(168, '2', 0.066, 0.1156, 0.0545, 0.1382, 0.1674, 0.1176, 0.1802),
	(169, '2', 0.2154, 0.4591, 0.2335, 0.3722, 0.5107, 0.3563, 0.4804),
	(170, '2', 0.3132, 0.6313, 0.3062, 0.4949, 0.6316, 0.4875, 0.5843),
	(171, '2', 0.0496, 0.0859, 0.0422, 0.0862, 0.1155, 0.081, 0.1228),
	(172, '2', 0.621, 0.4279, 0.0795, 0.1936, 0.2546, 0.1812, 0.2731),
	(173, '2', 0.1906, 0.4061, 0.2064, 0.4177, 0.4859, 0.3761, 0.4944),
	(174, '2', 0.1023, 0.183, 0.0836, 0.1536, 0.163, 0.1129, 0.1926),
	(175, '2', 0.3431, 0.3721, 0.1069, 0.3659, 0.4271, 0.3354, 0.4552),
	(176, '2', 0.4408, 0.1957, 0.0269, 0.171, 0.2179, 0.1575, 0.2309),
	(177, '2', 0.0862, 0.1094, 0.0425, 0.1535, 0.2039, 0.1448, 0.1923),
	(178, '2', 0.829, 0.5327, 0.0905, 0.2028, 0.2746, 0.1929, 0.2922),
	(179, '2', 0.2184, 0.1777, 0.044, 0.156, 0.1988, 0.149, 0.2081),
	(180, '2', 0.3801, 0.3649, 0.094, 0.2018, 0.2699, 0.188, 0.258),
	(181, '2', 0.2797, 0.2631, 0.0692, 0.2274, 0.2961, 0.2268, 0.2929),
	(182, '2', 0.3694, 0.2922, 0.0647, 0.2443, 0.3501, 0.2626, 0.3272),
	(183, '2', 0.1517, 0.0838, 0.0187, 0.0793, 0.0993, 0.0778, 0.1156),
	(184, '2', 0.5937, 0.4667, 0.0975, 0.2524, 0.3447, 0.2379, 0.3431),
	(185, '2', 0.3649, 0.3446, 0.088, 0.2637, 0.346, 0.2478, 0.3484),
	(186, '2', 0.6098, 0.5933, 0.1488, 0.3762, 0.5282, 0.417, 0.5458),
	(187, '2', 0.4108, 0.571, 0.1996, 0.414, 0.5276, 0.4196, 0.5414),
	(188, '2', 0.1056, 0.1951, 0.0907, 0.1615, 0.2199, 0.156, 0.2166),
	(189, '2', 0.5908, 0.4029, 0.0746, 0.3279, 0.4626, 0.3145, 0.4077),
	(190, '2', 0.0593, 0.2156, 0.1538, 0.2511, 0.3424, 0.2583, 0.3369),
	(191, '2', 0.6305, 0.3509, 0.0543, 0.2313, 0.2962, 0.2137, 0.2873),
	(192, '2', 0.2827, 0.2612, 0.0676, 0.1605, 0.2261, 0.1549, 0.2283),
	(193, '2', 0.1964, 0.1226, 0.0265, 0.0842, 0.1075, 0.0701, 0.1083),
	(194, '2', 0.2229, 0.201, 0.0531, 0.1591, 0.2605, 0.1853, 0.191),
	(195, '2', 0.481, 0.5246, 0.1475, 0.3247, 0.4515, 0.2919, 0.4131),
	(196, '2', 0.0809, 0.1554, 0.0754, 0.1419, 0.1856, 0.1324, 0.1725),
	(197, '2', 0.1515, 0.2235, 0.0871, 0.1395, 0.2, 0.1423, 0.1966),
	(198, '2', 0.0528, 0.1052, 0.0541, 0.0996, 0.1261, 0.109, 0.1584),
	(199, '2', 0.0827, 0.3109, 0.235, 0.3612, 0.4778, 0.3464, 0.4513),
	(200, '2', 0.1088, 0.2388, 0.1245, 0.1959, 0.2565, 0.2078, 0.2696),
	(201, '2', 0.7517, 0.5634, 0.1106, 0.2512, 0.3385, 0.2138, 0.3177),
	(202, '2', 0.2787, 0.4307, 0.1672, 0.336, 0.4543, 0.3046, 0.4168),
	(203, '2', 0.3588, 0.3427, 0.0884, 0.1368, 0.1667, 0.1283, 0.1906),
	(204, '2', 0.1832, 0.1781, 0.0512, 0.1484, 0.2239, 0.1546, 0.2027),
	(205, '2', 0.1833, 0.236, 0.0821, 0.1375, 0.1837, 0.1698, 0.2209),
	(206, '2', 0.3941, 0.3726, 0.0944, 0.2078, 0.2576, 0.2063, 0.2953),
	(207, '2', 0.2394, 0.3516, 0.1321, 0.1973, 0.2602, 0.1867, 0.2614),
	(208, '2', 0.4442, 0.2362, 0.0373, 0.1497, 0.2079, 0.1377, 0.2048),
	(209, '2', 0.0839, 0.2004, 0.1108, 0.1991, 0.2884, 0.2296, 0.2811),
	(210, '2', 0.1673, 0.2801, 0.1186, 0.2949, 0.3609, 0.2827, 0.3783);
/*!40000 ALTER TABLE `data_latih_normalized` ENABLE KEYS */;

-- Dumping structure for table db_tomat.data_uji
CREATE TABLE IF NOT EXISTS `data_uji` (
  `id_uji` int(5) NOT NULL,
  `jenis` varchar(10) NOT NULL,
  `area` double NOT NULL,
  `perimeter` double NOT NULL,
  `bentuk` double NOT NULL,
  `G0_kontras` double NOT NULL,
  `G45_kontras` double NOT NULL,
  `G90_kontras` double NOT NULL,
  `G135_kontras` double NOT NULL,
  PRIMARY KEY (`id_uji`)
) ENGINE=InnoDB DEFAULT CHARSET=latin1;

-- Dumping data for table db_tomat.data_uji: ~0 rows (approximately)
/*!40000 ALTER TABLE `data_uji` DISABLE KEYS */;
INSERT INTO `data_uji` (`id_uji`, `jenis`, `area`, `perimeter`, `bentuk`, `G0_kontras`, `G45_kontras`, `G90_kontras`, `G135_kontras`) VALUES
	(1, '0', 0.27707490498958, 0.17376853587864, 0.14106229227719, 0.25687982415136, 0.29520669639064, 0.27358341293414, 0.26713967407134),
	(2, '0', 0.28266519553758, 0.29267087097324, 0.29908522994281, 0.33019627284668, 0.37720657002046, 0.371882309225, 0.34644628152368),
	(3, '0', 0.40665685913939, 0.31366967785921, 0.2488758187783, 0.30029900158688, 0.32145262343934, 0.3439253552333, 0.35012712286728),
	(4, '0', 0.2313473090597, 0.24944605420147, 0.27061947896708, 0.34022350865226, 0.37324361721464, 0.39014254663915, 0.41611208825835),
	(5, '0', 0.22156430060071, 0.12604397477416, 0.11338900919764, 0.21156655496634, 0.21374167379188, 0.20320985718005, 0.23216087360071),
	(6, '0', 0.63252421233297, 0.20758479631839, 0.12339985184477, 0.40895529264317, 0.43651585504805, 0.40281082223618, 0.4281894066523),
	(7, '0', 0.27322545053328, 0.23253792398159, 0.20962932325855, 0.27379377456326, 0.25814145129421, 0.27504109701784, 0.32393414495124),
	(8, '0', 0.21668505578031, 0.19926708709732, 0.19630142092995, 0.32631306565933, 0.33256188648403, 0.33156350605272, 0.34935838450075),
	(9, '0', 0.34540885129337, 0.42302710073291, 0.4876766636569, 0.39548469035828, 0.51303007879809, 0.43196004638445, 0.33679353147305),
	(10, '0', 0.29222753463283, 0.2479461394239, 0.22032208789513, 0.26461652154334, 0.29500619780374, 0.29403083127459, 0.31918000823486),
	(11, '0', 0.23882554860856, 0.22326572353843, 0.21801147126209, 0.37184876028909, 0.41664336072741, 0.41575205213668, 0.43810633001711),
	(12, '0', 0.20136079440971, 0.15576955854781, 0.14549196124458, 0.1758586523813, 0.20506556726705, 0.22386295209704, 0.20937836103043),
	(13, '0', 0.25351232070614, 0.36521220385205, 0.50756672683141, 0.48232536220881, 0.4743779874526, 0.49541538817, 0.51373530993562),
	(14, '0', 0.34538433247518, 0.12645304244077, 0.10421671326549, 0.1131650408676, 0.17181144885539, 0.18900652526639, 0.16175966214676),
	(15, '0', 0.47339708226063, 0.15590591443668, 0.11001201703734, 0.12883354826655, 0.13976494697818, 0.13286244058392, 0.13857619984635),
	(16, '0', 0.2439009439745, 0.1040906766661, 0.099999999999477, 0.12001753758643, 0.14682500804556, 0.14016782074858, 0.13051661202268),
	(17, '0', 0.43735441951698, 0.13108914266235, 0.10266493000196, 0.13977251321467, 0.20776849689318, 0.20499935442735, 0.17582757671931),
	(18, '0', 0.53886232683585, 0.19040395432078, 0.12116744666161, 0.21102136280587, 0.25550453488207, 0.2465519242287, 0.22368770266241),
	(19, '0', 0.51912467819051, 0.15072439065962, 0.10649119718614, 0.30986398392225, 0.29001380129475, 0.18786765187423, 0.22847575231294),
	(20, '0', 0.17186465612357, 0.1, 0.10270095264407, 0.10000000000505, 0.10000087863264, 0.10000110623541, 0.10000110618768),
	(21, '0', 0.4101140125046, 0.21494801431737, 0.14887583018684, 0.24692797047118, 0.2499845055352, 0.22561041194949, 0.22536265835083),
	(22, '0', 0.21472355032487, 0.11868075677518, 0.10942303682005, 0.19380202531861, 0.20361961612205, 0.19385448701433, 0.2009101910636),
	(23, '0', 0.19785460340812, 0.11758990966422, 0.1108507497611, 0.155026304222, 0.14937839354916, 0.14585009219736, 0.15111868562084),
	(24, '0', 0.57149687385068, 0.19872166354184, 0.12297810579167, 0.23338244028063, 0.27339246844084, 0.21342633507241, 0.17199443530339),
	(25, '0', 0.35484859629766, 0.15863303221408, 0.11876162475059, 0.15300774249806, 0.20688340485067, 0.22772582508654, 0.21157352251749),
	(26, '0', 0.70561480936619, 0.37993863985001, 0.22576748139477, 0.33903079183439, 0.38886542556263, 0.37220467861627, 0.33261287029957),
	(27, '0', 0.26552654162069, 0.12154423044145, 0.10644386592946, 0.11169795238322, 0.12645492211626, 0.11516771512842, 0.10915246493866),
	(28, '0', 0.28065465244575, 0.13817964888359, 0.11416153145603, 0.13890288427801, 0.14363449648612, 0.15392263041555, 0.15266229416736),
	(29, '0', 0.4003555228638, 0.11936253621953, 0.10014629648573, 0.17627122155231, 0.2057322769321, 0.18238618870075, 0.16353473586682),
	(30, '0', 0.24140002451882, 0.10640872677689, 0.10103545618871, 0.146371105684, 0.16657030840569, 0.19817730262637, 0.18470311787316),
	(31, '1', 0.49960769890891, 0.69001193114028, 0.86663049553761, 0.68730966340303, 0.62506588242104, 0.5738053441623, 0.65516782751827),
	(32, '1', 0.43904621797229, 0.45370717572865, 0.44094708381651, 0.5151476113405, 0.55369913955562, 0.57308804857594, 0.61975564033245),
	(33, '1', 0.82541375505701, 0.51424919038691, 0.32068546865031, 0.40066257981418, 0.43677735133347, 0.39538387688846, 0.46783522586847),
	(34, '1', 0.17740590903518, 0.26280893131072, 0.39753558649098, 0.38340796459337, 0.38227706396289, 0.3472266898066, 0.37886450140075),
	(35, '1', 0.31461321564301, 0.38784728140447, 0.45391255560264, 0.42829614374188, 0.47007236877216, 0.44194276447548, 0.41358950333906),
	(36, '1', 0.13962241019983, 0.16776887676836, 0.21824402308667, 0.28393720803821, 0.26599502853552, 0.25699545529853, 0.30760878014333),
	(37, '1', 0.1, 0.13136185444009, 0.20871634802611, 0.13645722293929, 0.20256583618597, 0.23935667667, 0.20692564180883),
	(38, '1', 0.23041559396837, 0.27208113175388, 0.31819878942617, 0.48547765641683, 0.45213848406129, 0.28190290457876, 0.39289603182589),
	(39, '1', 0.41335049650607, 0.45493437872848, 0.46917939965238, 0.48243463188004, 0.56652880982982, 0.45769365085926, 0.43441601979775),
	(40, '1', 0.41820522250828, 0.3949377876257, 0.3585444429924, 0.42986056830601, 0.54029988489045, 0.49135155642304, 0.47793062198075),
	(41, '1', 0.48043398308202, 0.55815578660303, 0.59698387964161, 0.72481135317122, 0.70799692127749, 0.59767527181891, 0.64204824565775),
	(42, '1', 0.13236484001471, 0.18494971876598, 0.282661722142, 0.1997782908562, 0.27037443386878, 0.24722000401444, 0.15275246263836),
	(43, '1', 0.43522128233419, 0.52529401738538, 0.58603862038346, 0.6687283181872, 0.69655493186511, 0.61051158718404, 0.62915516189372),
	(44, '1', 0.36943729312247, 0.37980228396114, 0.37380913638534, 0.43746802412219, 0.51236178576776, 0.51644087762887, 0.51923535556832),
	(45, '1', 0.17674390094397, 0.23881029486961, 0.32956623106392, 0.29537377301128, 0.38180841834622, 0.33380775632156, 0.28033621789407),
	(46, '1', 0.28011523844551, 0.40980057951253, 0.57144868286454, 0.37964146435207, 0.42412622608817, 0.44968685300971, 0.40615229458163),
	(47, '1', 0.80685300968493, 0.9, 0.90000000025146, 0.89999999986238, 0.89999999986899, 0.90000000008516, 0.90000000005099),
	(48, '1', 0.29176167708716, 0.30862450997102, 0.31942004239325, 0.47873025421804, 0.46123721488228, 0.40242401801067, 0.46374953693343),
	(49, '1', 0.11738384209881, 0.17922277143344, 0.31645352623401, 0.33329167947267, 0.29717307133273, 0.1913586183721, 0.2481069071726),
	(50, '1', 0.28933431408606, 0.35062212374297, 0.40766265568106, 0.44814470240188, 0.4796980643058, 0.40114546463701, 0.42673721450866),
	(51, '1', 0.11561848718892, 0.1871314129879, 0.35774187189287, 0.25530901298234, 0.26926624291174, 0.3160193496206, 0.30730786524939),
	(52, '1', 0.31142576927792, 0.48329640361343, 0.70677824879773, 0.66301646359827, 0.68897304058177, 0.66140207528759, 0.67679049062527),
	(53, '1', 0.12015446855462, 0.12099880688597, 0.14387942558234, 0.11860969954437, 0.15378811773446, 0.188143619888, 0.16852950158249),
	(54, '1', 0.41057987005026, 0.32935060507926, 0.26717157294423, 0.43964444326587, 0.4451555563745, 0.37340633967307, 0.39271584894955),
	(55, '1', 0.73108986146868, 0.46461564683825, 0.29874508650293, 0.53368412185582, 0.55177671749152, 0.46201796315872, 0.57232862070503),
	(56, '1', 0.42950839769523, 0.33971365263337, 0.27125995336725, 0.44379425909136, 0.54038958451692, 0.48031626849236, 0.46436257037645),
	(57, '1', 0.11662375873483, 0.13640702232828, 0.18174821622307, 0.19565430591117, 0.20986811553252, 0.20738246312644, 0.18286712350791),
	(58, '1', 0.21631727350742, 0.36889381285154, 0.62385766675096, 0.40819064352459, 0.45426437924245, 0.46421707691362, 0.42956788761924),
	(59, '1', 0.1052225082751, 0.14281574910516, 0.23011746954694, 0.25599033342402, 0.26613567652476, 0.24762925041727, 0.24804699411685),
	(60, '1', 0.10502635772956, 0.15563320265894, 0.2798722842427, 0.23706924560299, 0.24283593465341, 0.18374269183348, 0.19650711145243),
	(61, '2', 0.24821625597646, 0.26649054031021, 0.28518374443899, 0.38021964479504, 0.40831352002141, 0.38360812725291, 0.40746329786869),
	(62, '2', 0.20442564668383, 0.35934890063065, 0.63423862786174, 0.48087745647953, 0.4771097532419, 0.47174911574847, 0.49328452882033),
	(63, '2', 0.16303788157411, 0.36180330663031, 0.88105490288691, 0.54658219621013, 0.57654387288703, 0.49386630040868, 0.55118624498292),
	(64, '2', 0.12569572146623, 0.15345150843702, 0.20796197798153, 0.38222762641058, 0.37284979857363, 0.39031448267509, 0.37443661105491),
	(65, '2', 0.48926075763148, 0.37639338673939, 0.28960113834987, 0.53758227241398, 0.61660081194689, 0.52494331490963, 0.55681040899652),
	(66, '2', 0.14852274120387, 0.20076700187489, 0.28757928496309, 0.30897559892176, 0.35908255639246, 0.33122907775319, 0.3528606637388),
	(67, '2', 0.9, 0.41361854440089, 0.21764364374173, 0.543077555946, 0.55335997294878, 0.49361276643806, 0.5654545466031),
	(68, '2', 0.45542478852519, 0.46407022328277, 0.4442610918394, 0.64996643668091, 0.68590226987805, 0.59670115605692, 0.64093937344164),
	(69, '2', 0.12427363001103, 0.20676666098517, 0.39543996957353, 0.3148183330304, 0.32608009848648, 0.33582694221769, 0.33545524315674),
	(70, '2', 0.10429079318377, 0.1194988921084, 0.1620021976296, 0.1517884423549, 0.17670530146822, 0.17576414395923, 0.17735951325106),
	(71, '2', 0.51816844428099, 0.3504857678541, 0.24757564810914, 0.14282662254848, 0.18599651642408, 0.17596414288453, 0.17300196928779),
	(72, '2', 0.12839279146745, 0.16422362365775, 0.231260357315, 0.23713234085488, 0.28150742603716, 0.25133209579694, 0.23836733803852),
	(73, '2', 0.18020105430918, 0.19694903698653, 0.22513438699865, 0.26278357970053, 0.28139610233911, 0.25866952459466, 0.29919294320154),
	(74, '2', 0.13599362510727, 0.16476904721323, 0.21728883041938, 0.2977397531953, 0.32841553482623, 0.29249074804038, 0.30852786194824),
	(75, '2', 0.28040946426382, 0.35621271518664, 0.43381669207616, 0.33895335883803, 0.39704790346822, 0.37937008596927, 0.38414166331744),
	(76, '2', 0.14587470883903, 0.23171978864837, 0.39622796568856, 0.32831300896179, 0.35643186866838, 0.35726553367636, 0.35167355081546),
	(77, '2', 0.28215030035552, 0.19722174876428, 0.16249706526715, 0.20182082528892, 0.22180133868599, 0.192037752496, 0.2098849720748),
	(78, '2', 0.14729680029423, 0.19149480143174, 0.26450877746615, 0.29669329513539, 0.30391338718712, 0.2950229560908, 0.32060227774506),
	(79, '2', 0.10436434963835, 0.16026930288052, 0.30312095730966, 0.61325314851233, 0.60942441471679, 0.59821559225051, 0.59723205976244),
	(80, '2', 0.13273262228761, 0.19681268109767, 0.32070761301288, 0.26114005666764, 0.26474468249395, 0.25866409910272, 0.26555286551239),
	(81, '2', 0.15372073066078, 0.31435145730356, 0.70930667148452, 0.52017525499846, 0.4937160212446, 0.49414775085359, 0.49023286392011),
	(82, '2', 0.14148584038249, 0.16449633543549, 0.20743588671584, 0.16903372542458, 0.20964122142258, 0.21782655138698, 0.20064887720816),
	(83, '2', 0.19849209268113, 0.2783535026419, 0.39029169846352, 0.38692649297032, 0.4224490609002, 0.38160811359742, 0.42696313023695),
	(84, '2', 0.14001471129092, 0.16735980910176, 0.21657680572057, 0.29882112653057, 0.33489690486416, 0.29788969005079, 0.3135985204104),
	(85, '2', 0.42053451023661, 0.47852394750298, 0.50747372216571, 0.58660769146554, 0.6519145377537, 0.60408699130526, 0.66433075660067),
	(86, '2', 0.12559764619345, 0.2356741094256, 0.5212015325413, 0.42500099512994, 0.47024677691604, 0.42557941569901, 0.45709341952754),
	(87, '2', 0.33180090719627, 0.24890063064599, 0.20233363854795, 0.29384505287197, 0.33883754716836, 0.28983658843379, 0.32607710590974),
	(88, '2', 0.14852274120387, 0.20076700187489, 0.28757928496309, 0.30897559892176, 0.35908255639246, 0.33122907775319, 0.3528606637388),
	(89, '2', 0.35148951820522, 0.43434463950912, 0.50403287898486, 0.52006619637882, 0.57688099850856, 0.46330934411979, 0.53271738306799),
	(90, '2', 0.49654284663479, 0.45929776717232, 0.40301526927009, 0.42505027567826, 0.46649907941751, 0.37553549142466, 0.4380033217136);
/*!40000 ALTER TABLE `data_uji` ENABLE KEYS */;

-- Dumping structure for table db_tomat.data_uji_normalized
CREATE TABLE IF NOT EXISTS `data_uji_normalized` (
  `id_uji` int(5) NOT NULL,
  `jenis` varchar(10) NOT NULL,
  `area` double NOT NULL,
  `perimeter` double NOT NULL,
  `bentuk` double NOT NULL,
  `G0_kontras` double NOT NULL,
  `G45_kontras` double NOT NULL,
  `G90_kontras` double NOT NULL,
  `G135_kontras` double NOT NULL,
  `tetangga_terdekat` varchar(50) NOT NULL,
  PRIMARY KEY (`id_uji`)
) ENGINE=InnoDB DEFAULT CHARSET=latin1;

-- Dumping data for table db_tomat.data_uji_normalized: ~0 rows (approximately)
/*!40000 ALTER TABLE `data_uji_normalized` DISABLE KEYS */;
INSERT INTO `data_uji_normalized` (`id_uji`, `jenis`, `area`, `perimeter`, `bentuk`, `G0_kontras`, `G45_kontras`, `G90_kontras`, `G135_kontras`, `tetangga_terdekat`) VALUES
	(1, '0', 0.4632, 0.1194, 0.0149, 0.1211, 0.1633, 0.1232, 0.1454, '0.102865'),
	(2, '2', 0.4828, 0.3043, 0.0726, 0.1778, 0.2472, 0.2106, 0.2254, '0.086578'),
	(3, '0', 0.9148, 0.3369, 0.0543, 0.1547, 0.1901, 0.1857, 0.2291, ''),
	(4, '0', 0.304, 0.2371, 0.0622, 0.1855, 0.2431, 0.2268, 0.2956, ''),
	(5, '0', 0.2698, 0.0452, 0.0047, 0.086, 0.0799, 0.0607, 0.1102, ''),
	(6, '0', 1.702, 0.172, 0.0084, 0.2387, 0.3079, 0.2381, 0.3078, ''),
	(7, '0', 0.45, 0.2108, 0.0399, 0.1342, 0.1254, 0.1245, 0.2027, ''),
	(8, '0', 0.2529, 0.159, 0.0351, 0.1748, 0.2015, 0.1747, 0.2283, ''),
	(9, '0', 0.7014, 0.507, 0.1416, 0.2283, 0.3861, 0.264, 0.2156, ''),
	(10, '0', 0.5161, 0.2347, 0.0438, 0.1271, 0.1631, 0.1414, 0.1979, ''),
	(11, '0', 0.33, 0.1964, 0.043, 0.21, 0.2875, 0.2496, 0.3178, ''),
	(12, '0', 0.1995, 0.0914, 0.0165, 0.0584, 0.071, 0.079, 0.0872, ''),
	(13, '0', 0.3813, 0.4171, 0.1488, 0.2955, 0.3466, 0.3204, 0.394, ''),
	(14, '0', 0.7014, 0.0458, 0.0014, 0.0099, 0.037, 0.048, 0.0392, ''),
	(15, '0', 1.1474, 0.0916, 0.0035, 0.022, 0.0042, -0.0019, 0.0159, ''),
	(16, '0', 0.3477, 0.011, -0.0001, 0.0152, 0.0115, 0.0046, 0.0077, ''),
	(17, '0', 1.0218, 0.053, 0.0008, 0.0305, 0.0738, 0.0623, 0.0534, ''),
	(18, '0', 1.3755, 0.1453, 0.0076, 0.0856, 0.1227, 0.0992, 0.1016, ''),
	(19, '0', 1.3068, 0.0835, 0.0022, 0.1621, 0.158, 0.047, 0.1065, ''),
	(20, '0', 0.0966, 0.0047, 0.0008, -0.0003, -0.0364, -0.0311, -0.023, ''),
	(21, '0', 0.9269, 0.1834, 0.0177, 0.1134, 0.117, 0.0806, 0.1033, ''),
	(22, '0', 0.246, 0.0337, 0.0033, 0.0723, 0.0696, 0.0523, 0.0787, ''),
	(23, '0', 0.1873, 0.032, 0.0038, 0.0423, 0.0141, 0.0097, 0.0285, ''),
	(24, '0', 1.4894, 0.1582, 0.0083, 0.1029, 0.141, 0.0697, 0.0495, ''),
	(25, '0', 0.7343, 0.0958, 0.0067, 0.0407, 0.0729, 0.0825, 0.0894, ''),
	(26, '0', 1.9567, 0.44, 0.0458, 0.1846, 0.2591, 0.2109, 0.2114, ''),
	(27, '0', 0.4231, 0.0382, 0.0022, 0.0087, -0.0094, -0.0176, -0.0138, ''),
	(28, '0', 0.4758, 0.064, 0.005, 0.0298, 0.0082, 0.0169, 0.0301, ''),
	(29, '0', 0.893, 0.0348, -0.0001, 0.0587, 0.0717, 0.0422, 0.041, ''),
	(30, '0', 0.3389, 0.0146, 0.0002, 0.0356, 0.0317, 0.0562, 0.0623, ''),
	(31, '1', 1.2389, 0.9222, 0.2801, 0.4541, 0.5008, 0.3901, 0.5365, ''),
	(32, '1', 1.0278, 0.5547, 0.1245, 0.3209, 0.4278, 0.3894, 0.5008, ''),
	(33, '1', 2.3742, 0.6489, 0.0805, 0.2323, 0.3081, 0.2315, 0.3477, ''),
	(34, '1', 0.116, 0.2578, 0.1086, 0.219, 0.2524, 0.1887, 0.258, ''),
	(35, '1', 0.5941, 0.4523, 0.1292, 0.2537, 0.3422, 0.2729, 0.293, ''),
	(36, '1', -0.0156, 0.1101, 0.0431, 0.142, 0.1334, 0.1085, 0.1862, ''),
	(37, '1', -0.1537, 0.0534, 0.0396, 0.0279, 0.0685, 0.0928, 0.0847, ''),
	(38, '1', 0.3006, 0.2723, 0.0796, 0.2979, 0.3238, 0.1306, 0.2722, ''),
	(39, '1', 0.9381, 0.5566, 0.1348, 0.2956, 0.4409, 0.2869, 0.314, ''),
	(40, '1', 0.9551, 0.4633, 0.0944, 0.2549, 0.414, 0.3168, 0.3579, ''),
	(41, '1', 1.1721, 0.7171, 0.1815, 0.4831, 0.5856, 0.4113, 0.5233, ''),
	(42, '1', -0.041, 0.1368, 0.0666, 0.0769, 0.1379, 0.0998, 0.0301, ''),
	(43, '1', 1.0145, 0.666, 0.1775, 0.4397, 0.5739, 0.4227, 0.5103, ''),
	(44, '1', 0.7853, 0.4398, 0.0999, 0.2608, 0.3855, 0.3391, 0.3995, ''),
	(45, '1', 0.1138, 0.2205, 0.0838, 0.1508, 0.2519, 0.1767, 0.1587, ''),
	(46, '1', 0.4739, 0.4864, 0.1722, 0.216, 0.2952, 0.2797, 0.2855, ''),
	(47, '1', 2.3095, 1.2487, 0.2923, 0.6186, 0.7821, 0.68, 0.7833, ''),
	(48, '1', 0.5146, 0.3291, 0.0801, 0.2927, 0.3331, 0.2377, 0.3436, ''),
	(49, '1', -0.0932, 0.1279, 0.079, 0.1802, 0.1653, 0.0501, 0.1263, ''),
	(50, '1', 0.506, 0.3944, 0.1123, 0.269, 0.352, 0.2366, 0.3063, ''),
	(51, '1', -0.0994, 0.1402, 0.0941, 0.1199, 0.1367, 0.1609, 0.1859, ''),
	(52, '1', 0.5831, 0.6007, 0.2217, 0.4353, 0.5662, 0.4679, 0.5583, ''),
	(53, '1', -0.0835, 0.0373, 0.0159, 0.0141, 0.0186, 0.0473, 0.046, ''),
	(54, '1', 0.9286, 0.3613, 0.061, 0.2625, 0.3167, 0.2119, 0.272, ''),
	(55, '1', 2.0455, 0.5717, 0.0725, 0.3352, 0.4258, 0.2907, 0.453, ''),
	(56, '1', 0.9945, 0.3774, 0.0625, 0.2657, 0.4141, 0.307, 0.3442, ''),
	(57, '1', -0.0959, 0.0613, 0.0297, 0.0737, 0.076, 0.0644, 0.0605, ''),
	(58, '1', 0.2516, 0.4228, 0.1914, 0.2381, 0.326, 0.2927, 0.3091, ''),
	(59, '1', -0.1356, 0.0712, 0.0474, 0.1204, 0.1335, 0.1001, 0.1262, ''),
	(60, '1', -0.1362, 0.0912, 0.0656, 0.1057, 0.1097, 0.0434, 0.0742, ''),
	(61, '2', 0.3628, 0.2636, 0.0675, 0.2165, 0.279, 0.221, 0.2869, ''),
	(62, '2', 0.2101, 0.408, 0.1951, 0.2944, 0.3494, 0.2994, 0.3734, ''),
	(63, '2', 0.066, 0.4118, 0.2854, 0.3452, 0.4511, 0.319, 0.4317, ''),
	(64, '2', -0.0641, 0.0878, 0.0393, 0.218, 0.2427, 0.227, 0.2536, ''),
	(65, '2', 1.2027, 0.4345, 0.0692, 0.3382, 0.4921, 0.3466, 0.4374, ''),
	(66, '2', 0.0154, 0.1614, 0.0684, 0.1614, 0.2286, 0.1745, 0.2318, ''),
	(67, '2', 2.6341, 0.4924, 0.0429, 0.3425, 0.4274, 0.3188, 0.4461, ''),
	(68, '2', 1.0849, 0.5708, 0.1257, 0.4252, 0.563, 0.4104, 0.5222, ''),
	(69, '2', -0.0692, 0.1707, 0.1079, 0.1659, 0.1949, 0.1785, 0.2143, ''),
	(70, '2', -0.1388, 0.035, 0.0225, 0.0398, 0.042, 0.0363, 0.0549, ''),
	(71, '2', 1.3035, 0.3942, 0.0538, 0.0328, 0.0515, 0.0364, 0.0506, ''),
	(72, '2', -0.0548, 0.1045, 0.0478, 0.1058, 0.1493, 0.1034, 0.1164, ''),
	(73, '2', 0.1257, 0.1554, 0.0456, 0.1256, 0.1491, 0.11, 0.1777, ''),
	(74, '2', -0.0283, 0.1054, 0.0427, 0.1527, 0.1973, 0.14, 0.1872, ''),
	(75, '2', 0.475, 0.4031, 0.1219, 0.1846, 0.2675, 0.2172, 0.2634, ''),
	(76, '2', 0.0061, 0.2095, 0.1081, 0.1763, 0.2259, 0.1976, 0.2306, ''),
	(77, '2', 0.481, 0.1559, 0.0227, 0.0785, 0.0882, 0.0507, 0.0877, ''),
	(78, '2', 0.0111, 0.1469, 0.06, 0.1519, 0.1722, 0.1423, 0.1993, ''),
	(79, '2', -0.1386, 0.0984, 0.0741, 0.3968, 0.4848, 0.4118, 0.4781, ''),
	(80, '2', -0.0397, 0.1552, 0.0805, 0.1244, 0.1321, 0.11, 0.1438, ''),
	(81, '2', 0.0335, 0.338, 0.2226, 0.3248, 0.3664, 0.3193, 0.3703, ''),
	(82, '2', -0.0092, 0.105, 0.0391, 0.0531, 0.0757, 0.0737, 0.0784, ''),
	(83, '2', 0.1894, 0.282, 0.106, 0.2217, 0.2935, 0.2192, 0.3065, ''),
	(84, '2', -0.0143, 0.1094, 0.0425, 0.1535, 0.2039, 0.1448, 0.1923, ''),
	(85, '2', 0.9632, 0.5933, 0.1488, 0.3762, 0.5282, 0.417, 0.5458, ''),
	(86, '2', -0.0645, 0.2156, 0.1538, 0.2511, 0.3424, 0.2583, 0.3369, ''),
	(87, '2', 0.654, 0.2362, 0.0373, 0.1497, 0.2079, 0.1377, 0.2048, ''),
	(88, '2', 0.0154, 0.1614, 0.0684, 0.1614, 0.2286, 0.1745, 0.2318, ''),
	(89, '2', 0.7227, 0.5246, 0.1475, 0.3247, 0.4515, 0.2919, 0.4131, ''),
	(90, '2', 1.2281, 0.5634, 0.1106, 0.2512, 0.3385, 0.2138, 0.3177, '');
/*!40000 ALTER TABLE `data_uji_normalized` ENABLE KEYS */;

-- Dumping structure for table db_tomat.log
CREATE TABLE IF NOT EXISTS `log` (
  `log_id` mediumint(9) NOT NULL AUTO_INCREMENT,
  `log_datetime` datetime NOT NULL,
  `log_message` text NOT NULL,
  `user_id` smallint(6) NOT NULL,
  PRIMARY KEY (`log_id`)
) ENGINE=InnoDB AUTO_INCREMENT=1960 DEFAULT CHARSET=latin1;

-- Dumping data for table db_tomat.log: ~1,866 rows (approximately)
/*!40000 ALTER TABLE `log` DISABLE KEYS */;
INSERT INTO `log` (`log_id`, `log_datetime`, `log_message`, `user_id`) VALUES
	(1, '2019-03-12 03:25:48', 'HOMEPAGE :  user => root( id = 1) ; result => true', 1),
	(2, '2019-03-12 03:25:50', 'access ADMIN : VIEW user => root( id = 1) ', 1),
	(3, '2019-03-12 03:25:54', 'HOMEPAGE :  user => root( id = 1) ; result => true', 1),
	(4, '2019-03-12 03:30:42', 'HOMEPAGE :  user => root( id = 1) ; result => true', 1),
	(5, '0000-00-00 00:00:00', 'true', 1),
	(6, '2019-03-19 04:00:21', 'HOMEPAGE :  user => root( id = 1) ; result => true', 1),
	(7, '2019-03-19 04:00:44', 'HOMEPAGE :  user => root( id = 1) ; result => true', 1),
	(8, '2019-03-19 04:01:07', 'HOMEPAGE :  user => root( id = 1) ; result => true', 1),
	(9, '2019-03-19 04:03:13', 'LOGOUT  user => root( id = 1) ; result => true', 1),
	(10, '2019-03-19 04:03:16', 'a person REGISTER in system ; result =>false', 0),
	(11, '0000-00-00 00:00:00', 'true', 1),
	(12, '2019-03-19 04:15:12', 'HOMEPAGE :  user => root( id = 1) ; result => true', 1),
	(13, '2019-03-19 04:32:09', 'access ADMIN : VIEW user => root( id = 1) ', 1),
	(14, '2019-03-19 04:44:24', 'access ADMIN : VIEW user => root( id = 1) ', 1),
	(15, '2019-03-19 04:44:39', 'access ADMIN : VIEW user => root( id = 1) ', 1),
	(16, '2019-03-19 04:44:45', 'access ADMIN : VIEW user => root( id = 1) ', 1),
	(17, '0000-00-00 00:00:00', 'true', 1),
	(18, '2019-03-19 07:42:06', 'HOMEPAGE :  user => root( id = 1) ; result => true', 1),
	(19, '2019-03-19 08:46:54', 'HOMEPAGE :  user => root( id = 1) ; result => true', 1),
	(20, '2019-03-19 08:47:54', 'HOMEPAGE :  user => root( id = 1) ; result => true', 1),
	(21, '2019-03-19 09:01:44', 'HOMEPAGE :  user => root( id = 1) ; result => true', 1),
	(22, '2019-03-19 09:06:16', 'HOMEPAGE :  user => root( id = 1) ; result => true', 1),
	(23, '0000-00-00 00:00:00', 'true', 1),
	(24, '2019-03-20 02:44:02', 'HOMEPAGE :  user => root( id = 1) ; result => true', 1),
	(25, '2019-03-20 02:46:15', 'HOMEPAGE :  user => root( id = 1) ; result => true', 1),
	(26, '2019-03-20 02:51:15', 'HOMEPAGE :  user => root( id = 1) ; result => true', 1),
	(27, '2019-03-20 02:52:12', 'HOMEPAGE :  user => root( id = 1) ; result => true', 1),
	(28, '2019-03-20 02:53:37', 'HOMEPAGE :  user => root( id = 1) ; result => true', 1),
	(29, '2019-03-20 02:55:41', 'HOMEPAGE :  user => root( id = 1) ; result => true', 1),
	(30, '2019-03-20 02:56:46', 'HOMEPAGE :  user => root( id = 1) ; result => true', 1),
	(31, '2019-03-20 02:56:51', 'HOMEPAGE :  user => root( id = 1) ; result => true', 1),
	(32, '2019-03-20 03:00:06', 'HOMEPAGE :  user => root( id = 1) ; result => true', 1),
	(33, '2019-03-20 03:02:12', 'HOMEPAGE :  user => root( id = 1) ; result => true', 1),
	(34, '2019-03-20 03:02:18', 'LOGOUT  user => root( id = 1) ; result => true', 1),
	(35, '0000-00-00 00:00:00', 'true', 1),
	(36, '2019-03-20 03:02:20', 'HOMEPAGE :  user => root( id = 1) ; result => true', 1),
	(37, '2019-03-20 03:05:04', 'HOMEPAGE :  user => root( id = 1) ; result => true', 1),
	(38, '2019-03-20 03:05:35', 'HOMEPAGE :  user => root( id = 1) ; result => true', 1),
	(39, '2019-03-20 03:09:10', 'HOMEPAGE :  user => root( id = 1) ; result => true', 1),
	(40, '2019-03-20 03:13:06', 'HOMEPAGE :  user => root( id = 1) ; result => true', 1),
	(41, '2019-03-20 03:20:29', 'HOMEPAGE :  user => root( id = 1) ; result => true', 1),
	(42, '2019-03-20 03:24:27', 'access ADMIN : VIEW user => root( id = 1) ', 1),
	(43, '2019-03-20 03:25:37', 'HOMEPAGE :  user => root( id = 1) ; result => true', 1),
	(44, '2019-03-20 04:03:59', 'HOMEPAGE :  user => root( id = 1) ; result => true', 1),
	(45, '0000-00-00 00:00:00', 'true', 1),
	(46, '2019-03-20 06:21:27', 'HOMEPAGE :  user => root( id = 1) ; result => true', 1),
	(47, '0000-00-00 00:00:00', 'true', 1),
	(48, '2019-03-20 08:39:50', 'HOMEPAGE :  user => root( id = 1) ; result => true', 1),
	(49, '2019-03-20 08:40:07', 'LOGOUT  user => root( id = 1) ; result => true', 1),
	(50, '0000-00-00 00:00:00', 'true', 1),
	(51, '2019-03-20 08:40:13', 'HOMEPAGE :  user => root( id = 1) ; result => true', 1),
	(52, '2019-03-20 08:42:55', 'LOGOUT  user => root( id = 1) ; result => true', 1),
	(53, '0000-00-00 00:00:00', 'true', 1),
	(54, '2019-03-20 14:14:30', 'HOMEPAGE :  user => root( id = 1) ; result => true', 1),
	(55, '2019-03-20 14:16:20', 'LOGOUT  user => root( id = 1) ; result => true', 1),
	(56, '0000-00-00 00:00:00', 'true', 1),
	(57, '2019-03-20 14:16:22', 'HOMEPAGE :  user => root( id = 1) ; result => true', 1),
	(58, '2019-03-20 14:17:09', 'HOMEPAGE :  user => root( id = 1) ; result => true', 1),
	(59, '2019-03-20 14:17:13', 'HOMEPAGE :  user => root( id = 1) ; result => true', 1),
	(60, '2019-03-20 14:17:18', 'HOMEPAGE :  user => root( id = 1) ; result => true', 1),
	(61, '2019-03-20 14:17:21', 'HOMEPAGE :  user => root( id = 1) ; result => true', 1),
	(62, '2019-03-20 14:26:31', 'HOMEPAGE :  user => root( id = 1) ; result => true', 1),
	(63, '2019-03-20 14:28:44', 'HOMEPAGE :  user => root( id = 1) ; result => true', 1),
	(64, '2019-03-20 14:28:56', 'HOMEPAGE :  user => root( id = 1) ; result => true', 1),
	(65, '0000-00-00 00:00:00', 'true', 1),
	(66, '2019-03-20 16:52:14', 'HOMEPAGE :  user => root( id = 1) ; result => true', 1),
	(67, '0000-00-00 00:00:00', 'true', 1),
	(68, '2019-03-22 06:26:24', 'HOMEPAGE :  user => root( id = 1) ; result => true', 1),
	(69, '0000-00-00 00:00:00', 'true', 1),
	(70, '2019-03-24 06:33:51', 'HOMEPAGE :  user => root( id = 1) ; result => true', 1),
	(71, '2019-03-24 06:37:43', 'access ADMIN : VIEW user => root( id = 1) ', 1),
	(72, '2019-03-24 06:37:52', 'EDIT USER (root1) BY ():  user => root( id = 1) ; result => true', 1),
	(73, '2019-03-24 06:37:52', 'access ADMIN : VIEW user => root( id = 1) ', 1),
	(74, '2019-03-24 06:38:43', 'HOMEPAGE :  user => root( id = 1) ; result => true', 1),
	(75, '2019-03-24 06:39:10', 'HOMEPAGE :  user => root( id = 1) ; result => true', 1),
	(76, '2019-03-24 06:41:19', 'HOMEPAGE :  user => root( id = 1) ; result => true', 1),
	(77, '2019-03-24 06:47:13', 'HOMEPAGE :  user => root( id = 1) ; result => true', 1),
	(78, '2019-03-24 06:47:21', 'HOMEPAGE :  user => root( id = 1) ; result => true', 1),
	(79, '2019-03-24 06:47:26', 'LOGOUT  user => root( id = 1) ; result => true', 1),
	(80, '0000-00-00 00:00:00', 'true', 1),
	(81, '2019-03-24 06:47:31', 'HOMEPAGE :  user => root( id = 1) ; result => true', 1),
	(82, '0000-00-00 00:00:00', 'true', 1),
	(83, '2019-03-24 07:07:22', 'HOMEPAGE :  user => root( id = 1) ; result => true', 1),
	(84, '2019-03-24 07:08:43', 'HOMEPAGE :  user => root( id = 1) ; result => true', 1),
	(85, '2019-03-24 07:14:58', 'HOMEPAGE :  user => root( id = 1) ; result => true', 1),
	(86, '2019-03-24 07:17:27', 'HOMEPAGE :  user => root( id = 1) ; result => true', 1),
	(87, '2019-03-24 07:19:33', 'HOMEPAGE :  user => root( id = 1) ; result => true', 1),
	(88, '2019-03-24 07:20:47', 'HOMEPAGE :  user => root( id = 1) ; result => true', 1),
	(89, '2019-03-24 07:21:34', 'HOMEPAGE :  user => root( id = 1) ; result => true', 1),
	(90, '2019-03-24 07:21:55', 'HOMEPAGE :  user => root( id = 1) ; result => true', 1),
	(91, '2019-03-24 07:25:36', 'HOMEPAGE :  user => root( id = 1) ; result => true', 1),
	(92, '2019-03-24 07:27:06', 'HOMEPAGE :  user => root( id = 1) ; result => true', 1),
	(93, '2019-03-24 07:28:57', 'HOMEPAGE :  user => root( id = 1) ; result => true', 1),
	(94, '2019-03-24 07:30:01', 'HOMEPAGE :  user => root( id = 1) ; result => true', 1),
	(95, '2019-03-24 07:31:02', 'HOMEPAGE :  user => root( id = 1) ; result => true', 1),
	(96, '2019-03-24 07:31:05', 'HOMEPAGE :  user => root( id = 1) ; result => true', 1),
	(97, '2019-03-24 07:31:31', 'HOMEPAGE :  user => root( id = 1) ; result => true', 1),
	(98, '2019-03-24 07:32:08', 'HOMEPAGE :  user => root( id = 1) ; result => true', 1),
	(99, '2019-03-24 07:32:35', 'HOMEPAGE :  user => root( id = 1) ; result => true', 1),
	(100, '2019-03-24 07:33:58', 'HOMEPAGE :  user => root( id = 1) ; result => true', 1),
	(101, '2019-03-24 07:34:46', 'HOMEPAGE :  user => root( id = 1) ; result => true', 1),
	(102, '2019-03-24 07:35:15', 'HOMEPAGE :  user => root( id = 1) ; result => true', 1),
	(103, '2019-03-24 07:36:14', 'LOGOUT  user => root( id = 1) ; result => true', 1),
	(104, '0000-00-00 00:00:00', 'true', 1),
	(105, '2019-03-24 07:36:16', 'HOMEPAGE :  user => root( id = 1) ; result => true', 1),
	(106, '2019-03-24 07:36:24', 'LOGOUT  user => root( id = 1) ; result => true', 1),
	(107, '0000-00-00 00:00:00', 'true', 1),
	(108, '2019-03-24 07:43:56', 'HOMEPAGE :  user => root( id = 1) ; result => true', 1),
	(109, '2019-03-24 07:44:00', 'LOGOUT  user => root( id = 1) ; result => true', 1),
	(110, '0000-00-00 00:00:00', 'false =>Username atau password salah!', 0),
	(111, '0000-00-00 00:00:00', 'true', 1),
	(112, '2019-03-24 07:45:02', 'HOMEPAGE :  user => root( id = 1) ; result => true', 1),
	(113, '2019-03-24 07:47:45', 'HOMEPAGE :  user => root( id = 1) ; result => true', 1),
	(114, '2019-03-24 07:48:46', 'HOMEPAGE :  user => root( id = 1) ; result => true', 1),
	(115, '2019-03-24 07:48:55', 'HOMEPAGE :  user => root( id = 1) ; result => true', 1),
	(116, '2019-03-24 07:49:12', 'HOMEPAGE :  user => root( id = 1) ; result => true', 1),
	(117, '2019-03-24 07:50:18', 'HOMEPAGE :  user => root( id = 1) ; result => true', 1),
	(118, '2019-03-24 07:52:13', 'HOMEPAGE :  user => root( id = 1) ; result => true', 1),
	(119, '2019-03-24 07:52:19', 'HOMEPAGE :  user => root( id = 1) ; result => true', 1),
	(120, '2019-03-24 07:52:25', 'HOMEPAGE :  user => root( id = 1) ; result => true', 1),
	(121, '2019-03-24 07:52:28', 'HOMEPAGE :  user => root( id = 1) ; result => true', 1),
	(122, '2019-03-24 07:55:11', 'HOMEPAGE :  user => root( id = 1) ; result => true', 1),
	(123, '2019-03-24 07:55:46', 'HOMEPAGE :  user => root( id = 1) ; result => true', 1),
	(124, '2019-03-24 07:55:58', 'access ADMIN : VIEW user => root( id = 1) ', 1),
	(125, '2019-03-24 07:56:15', 'HOMEPAGE :  user => root( id = 1) ; result => true', 1),
	(126, '2019-03-24 07:56:33', 'HOMEPAGE :  user => root( id = 1) ; result => true', 1),
	(127, '2019-03-24 08:01:05', 'HOMEPAGE :  user => root( id = 1) ; result => true', 1),
	(128, '2019-03-24 08:01:08', 'HOMEPAGE :  user => root( id = 1) ; result => true', 1),
	(129, '2019-03-24 08:01:25', 'HOMEPAGE :  user => root( id = 1) ; result => true', 1),
	(130, '2019-03-24 08:01:46', 'HOMEPAGE :  user => root( id = 1) ; result => true', 1),
	(131, '2019-03-24 08:03:02', 'HOMEPAGE :  user => root( id = 1) ; result => true', 1),
	(132, '2019-03-24 08:03:53', 'HOMEPAGE :  user => root( id = 1) ; result => true', 1),
	(133, '2019-03-24 08:04:19', 'HOMEPAGE :  user => root( id = 1) ; result => true', 1),
	(134, '2019-03-24 08:05:27', 'HOMEPAGE :  user => root( id = 1) ; result => true', 1),
	(135, '2019-03-24 08:05:53', 'HOMEPAGE :  user => root( id = 1) ; result => true', 1),
	(136, '2019-03-24 08:09:04', 'HOMEPAGE :  user => root( id = 1) ; result => true', 1),
	(137, '2019-03-24 08:09:46', 'HOMEPAGE :  user => root( id = 1) ; result => true', 1),
	(138, '2019-03-24 08:10:15', 'HOMEPAGE :  user => root( id = 1) ; result => true', 1),
	(139, '2019-03-24 08:11:26', 'HOMEPAGE :  user => root( id = 1) ; result => true', 1),
	(140, '2019-03-24 08:39:38', 'HOMEPAGE :  user => root( id = 1) ; result => true', 1),
	(141, '2019-03-24 08:40:22', 'HOMEPAGE :  user => root( id = 1) ; result => true', 1),
	(142, '2019-03-24 09:01:15', 'HOMEPAGE :  user => root( id = 1) ; result => true', 1),
	(143, '2019-03-24 09:17:45', 'HOMEPAGE :  user => root( id = 1) ; result => true', 1),
	(144, '2019-03-24 09:17:56', 'HOMEPAGE :  user => root( id = 1) ; result => true', 1),
	(145, '0000-00-00 00:00:00', 'true', 1),
	(146, '2019-03-25 04:44:37', 'HOMEPAGE :  user => root( id = 1) ; result => true', 1),
	(147, '2019-03-25 04:44:41', 'LOGOUT  user => root( id = 1) ; result => true', 1),
	(148, '0000-00-00 00:00:00', 'true', 1),
	(149, '2019-03-25 04:44:47', 'HOMEPAGE :  user => root( id = 1) ; result => true', 1),
	(150, '2019-03-25 05:01:25', 'HOMEPAGE :  user => root( id = 1) ; result => true', 1),
	(151, '2019-03-25 05:01:27', 'HOMEPAGE :  user => root( id = 1) ; result => true', 1),
	(152, '2019-03-25 05:01:36', 'HOMEPAGE :  user => root( id = 1) ; result => true', 1),
	(153, '2019-03-25 05:01:43', 'HOMEPAGE :  user => root( id = 1) ; result => true', 1),
	(154, '2019-03-25 05:01:44', 'HOMEPAGE :  user => root( id = 1) ; result => true', 1),
	(155, '2019-03-25 05:49:21', 'HOMEPAGE :  user => root( id = 1) ; result => true', 1),
	(156, '2019-03-25 05:49:22', 'HOMEPAGE :  user => root( id = 1) ; result => true', 1),
	(157, '2019-03-25 05:49:51', 'LOGOUT  user => root( id = 1) ; result => true', 1),
	(158, '0000-00-00 00:00:00', 'true', 1),
	(159, '2019-03-25 05:50:30', 'HOMEPAGE :  user => root( id = 1) ; result => true', 1),
	(160, '2019-03-25 05:50:37', 'HOMEPAGE :  user => root( id = 1) ; result => true', 1),
	(161, '2019-03-25 05:51:37', 'HOMEPAGE :  user => root( id = 1) ; result => true', 1),
	(162, '2019-03-25 05:51:48', 'HOMEPAGE :  user => root( id = 1) ; result => true', 1),
	(163, '2019-03-25 05:53:00', 'HOMEPAGE :  user => root( id = 1) ; result => true', 1),
	(164, '2019-03-25 05:53:49', 'HOMEPAGE :  user => root( id = 1) ; result => true', 1),
	(165, '2019-03-25 05:56:06', 'HOMEPAGE :  user => root( id = 1) ; result => true', 1),
	(166, '2019-03-25 05:57:01', 'HOMEPAGE :  user => root( id = 1) ; result => true', 1),
	(167, '2019-03-25 05:59:04', 'HOMEPAGE :  user => root( id = 1) ; result => true', 1),
	(168, '2019-03-25 05:59:28', 'HOMEPAGE :  user => root( id = 1) ; result => true', 1),
	(169, '2019-03-25 05:59:44', 'HOMEPAGE :  user => root( id = 1) ; result => true', 1),
	(170, '2019-03-25 06:00:16', 'HOMEPAGE :  user => root( id = 1) ; result => true', 1),
	(171, '2019-03-25 06:00:36', 'HOMEPAGE :  user => root( id = 1) ; result => true', 1),
	(172, '2019-03-25 06:04:05', 'HOMEPAGE :  user => root( id = 1) ; result => true', 1),
	(173, '2019-03-25 06:05:43', 'HOMEPAGE :  user => root( id = 1) ; result => true', 1),
	(174, '2019-03-25 06:05:44', 'HOMEPAGE :  user => root( id = 1) ; result => true', 1),
	(175, '2019-03-25 06:05:45', 'HOMEPAGE :  user => root( id = 1) ; result => true', 1),
	(176, '2019-03-25 06:06:22', 'HOMEPAGE :  user => root( id = 1) ; result => true', 1),
	(177, '2019-03-25 06:07:23', 'HOMEPAGE :  user => root( id = 1) ; result => true', 1),
	(178, '2019-03-25 06:07:51', 'HOMEPAGE :  user => root( id = 1) ; result => true', 1),
	(179, '2019-03-25 06:07:56', 'HOMEPAGE :  user => root( id = 1) ; result => true', 1),
	(180, '2019-03-25 06:07:58', 'HOMEPAGE :  user => root( id = 1) ; result => true', 1),
	(181, '2019-03-25 06:09:05', 'HOMEPAGE :  user => root( id = 1) ; result => true', 1),
	(182, '2019-03-25 06:09:07', 'HOMEPAGE :  user => root( id = 1) ; result => true', 1),
	(183, '2019-03-25 06:09:27', 'HOMEPAGE :  user => root( id = 1) ; result => true', 1),
	(184, '2019-03-25 06:10:10', 'HOMEPAGE :  user => root( id = 1) ; result => true', 1),
	(185, '2019-03-25 06:17:04', 'HOMEPAGE :  user => root( id = 1) ; result => true', 1),
	(186, '2019-03-25 06:17:20', 'HOMEPAGE :  user => root( id = 1) ; result => true', 1),
	(187, '2019-03-25 06:17:55', 'HOMEPAGE :  user => root( id = 1) ; result => true', 1),
	(188, '2019-03-25 06:18:46', 'HOMEPAGE :  user => root( id = 1) ; result => true', 1),
	(189, '2019-03-25 06:55:17', 'HOMEPAGE :  user => root( id = 1) ; result => true', 1),
	(190, '2019-03-25 07:00:11', 'HOMEPAGE :  user => root( id = 1) ; result => true', 1),
	(191, '2019-03-25 07:00:17', 'HOMEPAGE :  user => root( id = 1) ; result => true', 1),
	(192, '2019-03-25 07:00:35', 'HOMEPAGE :  user => root( id = 1) ; result => true', 1),
	(193, '2019-03-25 07:00:57', 'HOMEPAGE :  user => root( id = 1) ; result => true', 1),
	(194, '2019-03-25 07:01:45', 'HOMEPAGE :  user => root( id = 1) ; result => true', 1),
	(195, '2019-03-25 07:02:37', 'HOMEPAGE :  user => root( id = 1) ; result => true', 1),
	(196, '2019-03-25 07:02:54', 'HOMEPAGE :  user => root( id = 1) ; result => true', 1),
	(197, '2019-03-25 07:04:38', 'HOMEPAGE :  user => root( id = 1) ; result => true', 1),
	(198, '2019-03-25 07:05:30', 'HOMEPAGE :  user => root( id = 1) ; result => true', 1),
	(199, '2019-03-25 07:06:38', 'HOMEPAGE :  user => root( id = 1) ; result => true', 1),
	(200, '2019-03-25 07:07:39', 'HOMEPAGE :  user => root( id = 1) ; result => true', 1),
	(201, '2019-03-25 07:08:04', 'HOMEPAGE :  user => root( id = 1) ; result => true', 1),
	(202, '2019-03-25 07:09:07', 'HOMEPAGE :  user => root( id = 1) ; result => true', 1),
	(203, '2019-03-25 07:10:06', 'HOMEPAGE :  user => root( id = 1) ; result => true', 1),
	(204, '2019-03-25 07:11:06', 'HOMEPAGE :  user => root( id = 1) ; result => true', 1),
	(205, '2019-03-25 07:13:33', 'HOMEPAGE :  user => root( id = 1) ; result => true', 1),
	(206, '2019-03-25 07:13:35', 'HOMEPAGE :  user => root( id = 1) ; result => true', 1),
	(207, '2019-03-25 07:13:38', 'HOMEPAGE :  user => root( id = 1) ; result => true', 1),
	(208, '2019-03-25 07:13:40', 'HOMEPAGE :  user => root( id = 1) ; result => true', 1),
	(209, '2019-03-25 07:15:58', 'HOMEPAGE :  user => root( id = 1) ; result => true', 1),
	(210, '2019-03-25 07:23:41', 'HOMEPAGE :  user => root( id = 1) ; result => true', 1),
	(211, '2019-03-25 07:35:25', 'HOMEPAGE :  user => root( id = 1) ; result => true', 1),
	(212, '2019-03-25 07:38:33', 'HOMEPAGE :  user => root( id = 1) ; result => true', 1),
	(213, '2019-03-25 07:43:36', 'HOMEPAGE :  user => root( id = 1) ; result => true', 1),
	(214, '2019-03-25 07:44:44', 'HOMEPAGE :  user => root( id = 1) ; result => true', 1),
	(215, '2019-03-25 07:48:06', 'HOMEPAGE :  user => root( id = 1) ; result => true', 1),
	(216, '2019-03-25 07:48:49', 'HOMEPAGE :  user => root( id = 1) ; result => true', 1),
	(217, '2019-03-25 07:49:22', 'HOMEPAGE :  user => root( id = 1) ; result => true', 1),
	(218, '2019-03-25 07:49:32', 'HOMEPAGE :  user => root( id = 1) ; result => true', 1),
	(219, '2019-03-25 07:50:18', 'HOMEPAGE :  user => root( id = 1) ; result => true', 1),
	(220, '2019-03-25 07:50:19', 'HOMEPAGE :  user => root( id = 1) ; result => true', 1),
	(221, '2019-03-25 07:50:21', 'HOMEPAGE :  user => root( id = 1) ; result => true', 1),
	(222, '2019-03-25 07:51:47', 'HOMEPAGE :  user => root( id = 1) ; result => true', 1),
	(223, '2019-03-25 07:51:56', 'HOMEPAGE :  user => root( id = 1) ; result => true', 1),
	(224, '2019-03-25 07:51:57', 'HOMEPAGE :  user => root( id = 1) ; result => true', 1),
	(225, '2019-03-25 07:53:00', 'HOMEPAGE :  user => root( id = 1) ; result => true', 1),
	(226, '2019-03-25 07:53:03', 'HOMEPAGE :  user => root( id = 1) ; result => true', 1),
	(227, '2019-03-25 07:53:05', 'HOMEPAGE :  user => root( id = 1) ; result => true', 1),
	(228, '2019-03-25 07:53:07', 'HOMEPAGE :  user => root( id = 1) ; result => true', 1),
	(229, '2019-03-25 07:53:36', 'HOMEPAGE :  user => root( id = 1) ; result => true', 1),
	(230, '2019-03-25 07:56:17', 'HOMEPAGE :  user => root( id = 1) ; result => true', 1),
	(231, '0000-00-00 00:00:00', 'true', 1),
	(232, '2019-03-25 15:24:47', 'HOMEPAGE :  user => root( id = 1) ; result => true', 1),
	(233, '2019-03-25 15:24:51', 'HOMEPAGE :  user => root( id = 1) ; result => true', 1),
	(234, '2019-03-25 15:39:36', 'HOMEPAGE :  user => root( id = 1) ; result => true', 1),
	(235, '2019-03-25 15:40:38', 'HOMEPAGE :  user => root( id = 1) ; result => true', 1),
	(236, '2019-03-25 15:40:52', 'HOMEPAGE :  user => root( id = 1) ; result => true', 1),
	(237, '2019-03-25 15:41:02', 'HOMEPAGE :  user => root( id = 1) ; result => true', 1),
	(238, '2019-03-25 15:41:28', 'HOMEPAGE :  user => root( id = 1) ; result => true', 1),
	(239, '2019-03-25 15:42:10', 'HOMEPAGE :  user => root( id = 1) ; result => true', 1),
	(240, '2019-03-25 15:44:29', 'HOMEPAGE :  user => root( id = 1) ; result => true', 1),
	(241, '2019-03-25 15:44:34', 'HOMEPAGE :  user => root( id = 1) ; result => true', 1),
	(242, '2019-03-25 15:44:35', 'HOMEPAGE :  user => root( id = 1) ; result => true', 1),
	(243, '2019-03-25 15:45:44', 'HOMEPAGE :  user => root( id = 1) ; result => true', 1),
	(244, '2019-03-25 15:45:48', 'HOMEPAGE :  user => root( id = 1) ; result => true', 1),
	(245, '2019-03-25 15:46:02', 'HOMEPAGE :  user => root( id = 1) ; result => true', 1),
	(246, '2019-03-25 15:46:36', 'HOMEPAGE :  user => root( id = 1) ; result => true', 1),
	(247, '2019-03-25 15:46:44', 'HOMEPAGE :  user => root( id = 1) ; result => true', 1),
	(248, '2019-03-25 15:52:06', 'HOMEPAGE :  user => root( id = 1) ; result => true', 1),
	(249, '2019-03-25 15:56:51', 'HOMEPAGE :  user => root( id = 1) ; result => true', 1),
	(250, '2019-03-25 16:00:55', 'HOMEPAGE :  user => root( id = 1) ; result => true', 1),
	(251, '2019-03-25 16:01:09', 'HOMEPAGE :  user => root( id = 1) ; result => true', 1),
	(252, '2019-03-25 16:03:05', 'HOMEPAGE :  user => root( id = 1) ; result => true', 1),
	(253, '2019-03-25 16:03:13', 'HOMEPAGE :  user => root( id = 1) ; result => true', 1),
	(254, '2019-03-25 16:05:58', 'HOMEPAGE :  user => root( id = 1) ; result => true', 1),
	(255, '2019-03-25 16:07:02', 'HOMEPAGE :  user => root( id = 1) ; result => true', 1),
	(256, '2019-03-25 16:07:08', 'HOMEPAGE :  user => root( id = 1) ; result => true', 1),
	(257, '2019-03-25 16:09:23', 'HOMEPAGE :  user => root( id = 1) ; result => true', 1),
	(258, '2019-03-25 16:09:30', 'HOMEPAGE :  user => root( id = 1) ; result => true', 1),
	(259, '2019-03-25 16:12:00', 'HOMEPAGE :  user => root( id = 1) ; result => true', 1),
	(260, '2019-03-25 16:12:03', 'HOMEPAGE :  user => root( id = 1) ; result => true', 1),
	(261, '2019-03-25 16:12:05', 'HOMEPAGE :  user => root( id = 1) ; result => true', 1),
	(262, '2019-03-25 16:12:06', 'HOMEPAGE :  user => root( id = 1) ; result => true', 1),
	(263, '2019-03-25 16:12:07', 'HOMEPAGE :  user => root( id = 1) ; result => true', 1),
	(264, '2019-03-25 16:12:08', 'HOMEPAGE :  user => root( id = 1) ; result => true', 1),
	(265, '2019-03-25 16:25:58', 'HOMEPAGE :  user => root( id = 1) ; result => true', 1),
	(266, '2019-03-25 16:26:15', 'HOMEPAGE :  user => root( id = 1) ; result => true', 1),
	(267, '2019-03-25 16:26:29', 'HOMEPAGE :  user => root( id = 1) ; result => true', 1),
	(268, '2019-03-25 16:26:58', 'HOMEPAGE :  user => root( id = 1) ; result => true', 1),
	(269, '2019-03-25 16:27:04', 'HOMEPAGE :  user => root( id = 1) ; result => true', 1),
	(270, '2019-03-25 16:27:05', 'HOMEPAGE :  user => root( id = 1) ; result => true', 1),
	(271, '2019-03-25 16:27:06', 'HOMEPAGE :  user => root( id = 1) ; result => true', 1),
	(272, '2019-03-25 16:27:39', 'HOMEPAGE :  user => root( id = 1) ; result => true', 1),
	(273, '2019-03-25 16:27:42', 'HOMEPAGE :  user => root( id = 1) ; result => true', 1),
	(274, '2019-03-25 16:27:43', 'HOMEPAGE :  user => root( id = 1) ; result => true', 1),
	(275, '2019-03-25 16:27:44', 'HOMEPAGE :  user => root( id = 1) ; result => true', 1),
	(276, '2019-03-25 16:27:52', 'HOMEPAGE :  user => root( id = 1) ; result => true', 1),
	(277, '2019-03-25 17:02:35', 'HOMEPAGE :  user => root( id = 1) ; result => true', 1),
	(278, '2019-03-25 17:03:02', 'HOMEPAGE :  user => root( id = 1) ; result => true', 1),
	(279, '2019-03-25 17:03:04', 'HOMEPAGE :  user => root( id = 1) ; result => true', 1),
	(280, '2019-03-25 17:03:06', 'HOMEPAGE :  user => root( id = 1) ; result => true', 1),
	(281, '2019-03-25 17:03:08', 'HOMEPAGE :  user => root( id = 1) ; result => true', 1),
	(282, '2019-03-25 17:03:09', 'HOMEPAGE :  user => root( id = 1) ; result => true', 1),
	(283, '2019-03-25 17:03:10', 'HOMEPAGE :  user => root( id = 1) ; result => true', 1),
	(284, '2019-03-25 17:03:10', 'HOMEPAGE :  user => root( id = 1) ; result => true', 1),
	(285, '2019-03-25 17:03:11', 'HOMEPAGE :  user => root( id = 1) ; result => true', 1),
	(286, '2019-03-25 17:03:12', 'HOMEPAGE :  user => root( id = 1) ; result => true', 1),
	(287, '2019-03-25 17:03:13', 'HOMEPAGE :  user => root( id = 1) ; result => true', 1),
	(288, '2019-03-25 17:03:35', 'HOMEPAGE :  user => root( id = 1) ; result => true', 1),
	(289, '2019-03-25 17:03:54', 'HOMEPAGE :  user => root( id = 1) ; result => true', 1),
	(290, '2019-03-25 17:04:02', 'HOMEPAGE :  user => root( id = 1) ; result => true', 1),
	(291, '2019-03-25 17:04:50', 'HOMEPAGE :  user => root( id = 1) ; result => true', 1),
	(292, '2019-03-25 17:04:54', 'HOMEPAGE :  user => root( id = 1) ; result => true', 1),
	(293, '2019-03-25 17:06:21', 'HOMEPAGE :  user => root( id = 1) ; result => true', 1),
	(294, '2019-03-25 17:06:22', 'HOMEPAGE :  user => root( id = 1) ; result => true', 1),
	(295, '2019-03-25 17:06:23', 'HOMEPAGE :  user => root( id = 1) ; result => true', 1),
	(296, '2019-03-25 17:06:24', 'HOMEPAGE :  user => root( id = 1) ; result => true', 1),
	(297, '2019-03-25 17:06:25', 'HOMEPAGE :  user => root( id = 1) ; result => true', 1),
	(298, '2019-03-25 17:06:26', 'HOMEPAGE :  user => root( id = 1) ; result => true', 1),
	(299, '2019-03-25 17:06:27', 'HOMEPAGE :  user => root( id = 1) ; result => true', 1),
	(300, '2019-03-25 17:06:28', 'HOMEPAGE :  user => root( id = 1) ; result => true', 1),
	(301, '2019-03-25 17:06:29', 'HOMEPAGE :  user => root( id = 1) ; result => true', 1),
	(302, '2019-03-25 17:06:29', 'HOMEPAGE :  user => root( id = 1) ; result => true', 1),
	(303, '2019-03-25 17:06:35', 'HOMEPAGE :  user => root( id = 1) ; result => true', 1),
	(304, '2019-03-25 17:08:40', 'HOMEPAGE :  user => root( id = 1) ; result => true', 1),
	(305, '2019-03-25 17:23:52', 'HOMEPAGE :  user => root( id = 1) ; result => true', 1),
	(306, '2019-03-25 17:24:16', 'HOMEPAGE :  user => root( id = 1) ; result => true', 1),
	(307, '2019-03-25 17:33:21', 'HOMEPAGE :  user => root( id = 1) ; result => true', 1),
	(308, '2019-03-25 17:33:29', 'HOMEPAGE :  user => root( id = 1) ; result => true', 1),
	(309, '2019-03-25 17:33:31', 'HOMEPAGE :  user => root( id = 1) ; result => true', 1),
	(310, '2019-03-25 17:33:31', 'HOMEPAGE :  user => root( id = 1) ; result => true', 1),
	(311, '2019-03-25 17:33:32', 'HOMEPAGE :  user => root( id = 1) ; result => true', 1),
	(312, '2019-03-25 17:33:33', 'HOMEPAGE :  user => root( id = 1) ; result => true', 1),
	(313, '2019-03-25 17:33:33', 'HOMEPAGE :  user => root( id = 1) ; result => true', 1),
	(314, '2019-03-25 17:33:34', 'HOMEPAGE :  user => root( id = 1) ; result => true', 1),
	(315, '2019-03-25 17:33:35', 'HOMEPAGE :  user => root( id = 1) ; result => true', 1),
	(316, '2019-03-25 17:33:52', 'HOMEPAGE :  user => root( id = 1) ; result => true', 1),
	(317, '2019-03-25 17:34:17', 'HOMEPAGE :  user => root( id = 1) ; result => true', 1),
	(318, '2019-03-25 17:34:18', 'HOMEPAGE :  user => root( id = 1) ; result => true', 1),
	(319, '2019-03-25 17:34:18', 'HOMEPAGE :  user => root( id = 1) ; result => true', 1),
	(320, '2019-03-25 17:34:20', 'HOMEPAGE :  user => root( id = 1) ; result => true', 1),
	(321, '2019-03-25 17:34:21', 'HOMEPAGE :  user => root( id = 1) ; result => true', 1),
	(322, '2019-03-25 17:34:22', 'HOMEPAGE :  user => root( id = 1) ; result => true', 1),
	(323, '2019-03-25 17:34:23', 'HOMEPAGE :  user => root( id = 1) ; result => true', 1),
	(324, '2019-03-25 17:34:23', 'HOMEPAGE :  user => root( id = 1) ; result => true', 1),
	(325, '2019-03-25 17:34:29', 'HOMEPAGE :  user => root( id = 1) ; result => true', 1),
	(326, '2019-03-25 17:39:48', 'HOMEPAGE :  user => root( id = 1) ; result => true', 1),
	(327, '2019-03-25 17:58:44', 'HOMEPAGE :  user => root( id = 1) ; result => true', 1),
	(328, '2019-03-25 17:58:47', 'HOMEPAGE :  user => root( id = 1) ; result => true', 1),
	(329, '2019-03-25 18:00:52', 'HOMEPAGE :  user => root( id = 1) ; result => true', 1),
	(330, '2019-03-25 18:01:30', 'HOMEPAGE :  user => root( id = 1) ; result => true', 1),
	(331, '2019-03-25 18:01:35', 'HOMEPAGE :  user => root( id = 1) ; result => true', 1),
	(332, '2019-03-25 18:02:34', 'HOMEPAGE :  user => root( id = 1) ; result => true', 1),
	(333, '2019-03-25 18:02:40', 'HOMEPAGE :  user => root( id = 1) ; result => true', 1),
	(334, '2019-03-25 18:02:56', 'HOMEPAGE :  user => root( id = 1) ; result => true', 1),
	(335, '2019-03-25 18:03:14', 'HOMEPAGE :  user => root( id = 1) ; result => true', 1),
	(336, '2019-03-25 18:03:29', 'HOMEPAGE :  user => root( id = 1) ; result => true', 1),
	(337, '2019-03-25 18:03:39', 'HOMEPAGE :  user => root( id = 1) ; result => true', 1),
	(338, '2019-03-25 18:03:41', 'HOMEPAGE :  user => root( id = 1) ; result => true', 1),
	(339, '2019-03-25 18:04:02', 'access ADMIN : VIEW user => root( id = 1) ', 1),
	(340, '2019-03-25 18:04:05', 'HOMEPAGE :  user => root( id = 1) ; result => true', 1),
	(341, '2019-03-25 18:04:06', 'HOMEPAGE :  user => root( id = 1) ; result => true', 1),
	(342, '0000-00-00 00:00:00', 'true', 1),
	(343, '2019-03-27 08:51:45', 'HOMEPAGE :  user => root( id = 1) ; result => true', 1),
	(344, '2019-03-27 08:51:49', 'HOMEPAGE :  user => root( id = 1) ; result => true', 1),
	(345, '2019-03-27 08:52:12', 'HOMEPAGE :  user => root( id = 1) ; result => true', 1),
	(346, '2019-03-27 08:53:09', 'HOMEPAGE :  user => root( id = 1) ; result => true', 1),
	(347, '2019-03-27 08:57:15', 'HOMEPAGE :  user => root( id = 1) ; result => true', 1),
	(348, '2019-03-27 08:57:44', 'HOMEPAGE :  user => root( id = 1) ; result => true', 1),
	(349, '2019-03-27 08:58:02', 'HOMEPAGE :  user => root( id = 1) ; result => true', 1),
	(350, '2019-03-27 09:00:47', 'HOMEPAGE :  user => root( id = 1) ; result => true', 1),
	(351, '2019-03-27 09:00:49', 'HOMEPAGE :  user => root( id = 1) ; result => true', 1),
	(352, '2019-03-27 09:08:03', 'HOMEPAGE :  user => root( id = 1) ; result => true', 1),
	(353, '2019-03-27 09:08:17', 'HOMEPAGE :  user => root( id = 1) ; result => true', 1),
	(354, '2019-03-27 09:08:22', 'HOMEPAGE :  user => root( id = 1) ; result => true', 1),
	(355, '2019-03-27 09:09:02', 'HOMEPAGE :  user => root( id = 1) ; result => true', 1),
	(356, '2019-03-27 09:09:06', 'HOMEPAGE :  user => root( id = 1) ; result => true', 1),
	(357, '2019-03-27 09:09:24', 'HOMEPAGE :  user => root( id = 1) ; result => true', 1),
	(358, '2019-03-27 09:09:32', 'HOMEPAGE :  user => root( id = 1) ; result => true', 1),
	(359, '2019-03-27 09:13:58', 'HOMEPAGE :  user => root( id = 1) ; result => true', 1),
	(360, '2019-03-27 09:14:11', 'HOMEPAGE :  user => root( id = 1) ; result => true', 1),
	(361, '2019-03-27 09:14:13', 'access ADMIN : VIEW user => root( id = 1) ', 1),
	(362, '2019-03-27 09:15:46', 'access ADMIN : VIEW user => root( id = 1) ', 1),
	(363, '2019-03-27 09:17:34', 'access ADMIN : VIEW user => root( id = 1) ', 1),
	(364, '2019-03-27 09:17:37', 'HOMEPAGE :  user => root( id = 1) ; result => true', 1),
	(365, '2019-03-27 09:17:39', 'HOMEPAGE :  user => root( id = 1) ; result => true', 1),
	(366, '2019-03-27 09:17:40', 'HOMEPAGE :  user => root( id = 1) ; result => true', 1),
	(367, '2019-03-27 09:17:43', 'access ADMIN : VIEW user => root( id = 1) ', 1),
	(368, '2019-03-27 10:11:22', 'HOMEPAGE :  user => root( id = 1) ; result => true', 1),
	(369, '2019-03-27 10:11:29', 'HOMEPAGE :  user => root( id = 1) ; result => true', 1),
	(370, '2019-03-27 10:13:39', 'HOMEPAGE :  user => root( id = 1) ; result => true', 1),
	(371, '2019-03-27 10:13:41', 'HOMEPAGE :  user => root( id = 1) ; result => true', 1),
	(372, '2019-03-27 10:14:01', 'HOMEPAGE :  user => root( id = 1) ; result => true', 1),
	(373, '2019-03-27 10:15:36', 'access ADMIN : VIEW user => root( id = 1) ', 1),
	(374, '2019-03-27 10:15:50', 'HOMEPAGE :  user => root( id = 1) ; result => true', 1),
	(375, '2019-03-27 10:16:12', 'HOMEPAGE :  user => root( id = 1) ; result => true', 1),
	(376, '2019-03-27 10:16:19', 'HOMEPAGE :  user => root( id = 1) ; result => true', 1),
	(377, '2019-03-27 10:16:21', 'access ADMIN : VIEW user => root( id = 1) ', 1),
	(378, '2019-03-27 10:17:07', 'access ADMIN : VIEW user => root( id = 1) ', 1),
	(379, '2019-03-27 10:24:25', 'access ADMIN : VIEW user => root( id = 1) ', 1),
	(380, '2019-03-27 10:26:17', 'access ADMIN : VIEW user => root( id = 1) ', 1),
	(381, '2019-03-27 10:26:24', 'EDIT USER (root1) BY ():  user => root( id = 1) ; result => true', 1),
	(382, '2019-03-27 10:26:24', 'access ADMIN : VIEW user => root( id = 1) ', 1),
	(383, '2019-03-27 10:27:38', 'access ADMIN : VIEW user => root( id = 1) ', 1),
	(384, '2019-03-27 10:27:41', 'EDIT USER (root1) BY ():  user => root( id = 1) ; result => true', 1),
	(385, '2019-03-27 10:27:41', 'access ADMIN : VIEW user => root( id = 1) ', 1),
	(386, '2019-03-27 10:27:47', 'EDIT USER (root1) BY ():  user => root( id = 1) ; result => true', 1),
	(387, '2019-03-27 10:27:47', 'access ADMIN : VIEW user => root( id = 1) ', 1),
	(388, '2019-03-27 10:27:56', 'EDIT USER (root1) BY ():  user => root( id = 1) ; result => true', 1),
	(389, '2019-03-27 10:27:56', 'access ADMIN : VIEW user => root( id = 1) ', 1),
	(390, '2019-03-27 10:28:47', 'HOMEPAGE :  user => root( id = 1) ; result => true', 1),
	(391, '2019-03-27 10:28:51', 'HOMEPAGE :  user => root( id = 1) ; result => true', 1),
	(392, '2019-03-27 10:31:08', 'HOMEPAGE :  user => root( id = 1) ; result => true', 1),
	(393, '2019-03-27 10:31:51', 'HOMEPAGE :  user => root( id = 1) ; result => true', 1),
	(394, '2019-03-27 10:32:01', 'HOMEPAGE :  user => root( id = 1) ; result => true', 1),
	(395, '2019-03-27 10:34:55', 'HOMEPAGE :  user => root( id = 1) ; result => true', 1),
	(396, '2019-03-27 10:35:00', 'HOMEPAGE :  user => root( id = 1) ; result => true', 1),
	(397, '2019-03-27 10:35:11', 'HOMEPAGE :  user => root( id = 1) ; result => true', 1),
	(398, '2019-03-27 10:36:06', 'access ADMIN : VIEW user => root( id = 1) ', 1),
	(399, '2019-03-27 10:37:47', 'access ADMIN : VIEW user => root( id = 1) ', 1),
	(400, '2019-03-27 10:38:54', 'access ADMIN : VIEW user => root( id = 1) ', 1),
	(401, '2019-03-27 10:38:58', 'EDIT USER (root1) BY ():  user => root( id = 1) ; result => true', 1),
	(402, '2019-03-27 10:38:58', 'access ADMIN : VIEW user => root( id = 1) ', 1),
	(403, '2019-03-27 10:40:23', 'access ADMIN : VIEW user => root( id = 1) ', 1),
	(404, '2019-03-27 10:40:34', 'access ADMIN : VIEW user => root( id = 1) ', 1),
	(405, '2019-03-27 10:41:14', 'access ADMIN : VIEW user => root( id = 1) ', 1),
	(406, '2019-03-27 10:41:20', 'EDIT USER (root1) BY ():  user => root( id = 1) ; result => true', 1),
	(407, '2019-03-27 10:41:20', 'access ADMIN : VIEW user => root( id = 1) ', 1),
	(408, '2019-03-27 10:41:25', 'EDIT USER (root1) BY ():  user => root( id = 1) ; result => true', 1),
	(409, '2019-03-27 10:41:25', 'access ADMIN : VIEW user => root( id = 1) ', 1),
	(410, '2019-03-27 10:41:55', 'access ADMIN : VIEW user => root( id = 1) ', 1),
	(411, '2019-03-27 10:42:06', 'EDIT USER (root1) BY ():  user => root( id = 1) ; result => true', 1),
	(412, '2019-03-27 10:42:06', 'access ADMIN : VIEW user => root( id = 1) ', 1),
	(413, '2019-03-27 10:43:55', 'HOMEPAGE :  user => root( id = 1) ; result => true', 1),
	(414, '2019-03-27 10:44:04', 'HOMEPAGE :  user => root( id = 1) ; result => true', 1),
	(415, '2019-03-27 10:44:06', 'HOMEPAGE :  user => root( id = 1) ; result => true', 1),
	(416, '2019-03-27 10:44:07', 'HOMEPAGE :  user => root( id = 1) ; result => true', 1),
	(417, '0000-00-00 00:00:00', 'true', 1),
	(418, '2019-03-27 15:02:51', 'HOMEPAGE :  user => root( id = 1) ; result => true', 1),
	(419, '2019-03-27 15:02:53', 'HOMEPAGE :  user => root( id = 1) ; result => true', 1),
	(420, '2019-03-27 15:09:07', 'HOMEPAGE :  user => root( id = 1) ; result => true', 1),
	(421, '2019-03-27 15:15:29', 'HOMEPAGE :  user => root( id = 1) ; result => true', 1),
	(422, '2019-03-27 15:15:35', 'HOMEPAGE :  user => root( id = 1) ; result => true', 1),
	(423, '2019-03-27 15:15:51', 'HOMEPAGE :  user => root( id = 1) ; result => true', 1),
	(424, '2019-03-27 15:16:33', 'HOMEPAGE :  user => root( id = 1) ; result => true', 1),
	(425, '2019-03-27 15:16:35', 'HOMEPAGE :  user => root( id = 1) ; result => true', 1),
	(426, '2019-03-27 15:18:06', 'HOMEPAGE :  user => root( id = 1) ; result => true', 1),
	(427, '2019-03-27 15:18:07', 'HOMEPAGE :  user => root( id = 1) ; result => true', 1),
	(428, '2019-03-27 15:18:08', 'HOMEPAGE :  user => root( id = 1) ; result => true', 1),
	(429, '2019-03-27 15:18:08', 'HOMEPAGE :  user => root( id = 1) ; result => true', 1),
	(430, '2019-03-27 15:18:09', 'HOMEPAGE :  user => root( id = 1) ; result => true', 1),
	(431, '2019-03-27 15:18:12', 'HOMEPAGE :  user => root( id = 1) ; result => true', 1),
	(432, '2019-03-27 15:18:13', 'HOMEPAGE :  user => root( id = 1) ; result => true', 1),
	(433, '2019-03-27 15:18:14', 'HOMEPAGE :  user => root( id = 1) ; result => true', 1),
	(434, '2019-03-27 15:18:15', 'HOMEPAGE :  user => root( id = 1) ; result => true', 1),
	(435, '2019-03-27 15:18:17', 'HOMEPAGE :  user => root( id = 1) ; result => true', 1),
	(436, '2019-03-27 15:18:18', 'HOMEPAGE :  user => root( id = 1) ; result => true', 1),
	(437, '2019-03-27 15:18:59', 'HOMEPAGE :  user => root( id = 1) ; result => true', 1),
	(438, '2019-03-27 15:19:02', 'HOMEPAGE :  user => root( id = 1) ; result => true', 1),
	(439, '2019-03-27 15:21:44', 'HOMEPAGE :  user => root( id = 1) ; result => true', 1),
	(440, '2019-03-27 15:21:48', 'HOMEPAGE :  user => root( id = 1) ; result => true', 1),
	(441, '2019-03-27 15:23:01', 'HOMEPAGE :  user => root( id = 1) ; result => true', 1),
	(442, '2019-03-27 15:23:05', 'HOMEPAGE :  user => root( id = 1) ; result => true', 1),
	(443, '2019-03-27 15:23:29', 'HOMEPAGE :  user => root( id = 1) ; result => true', 1),
	(444, '2019-03-27 15:23:32', 'HOMEPAGE :  user => root( id = 1) ; result => true', 1),
	(445, '2019-03-27 15:23:40', 'HOMEPAGE :  user => root( id = 1) ; result => true', 1),
	(446, '2019-03-27 15:23:52', 'HOMEPAGE :  user => root( id = 1) ; result => true', 1),
	(447, '2019-03-27 15:24:05', 'access ADMIN : VIEW user => root( id = 1) ', 1),
	(448, '2019-03-27 15:24:11', 'EDIT USER (root1) BY ():  user => root( id = 1) ; result => true', 1),
	(449, '2019-03-27 15:24:12', 'access ADMIN : VIEW user => root( id = 1) ', 1),
	(450, '2019-03-27 15:24:33', 'HOMEPAGE :  user => root( id = 1) ; result => true', 1),
	(451, '2019-03-27 15:24:59', 'HOMEPAGE :  user => root( id = 1) ; result => true', 1),
	(452, '2019-03-27 15:25:08', 'HOMEPAGE :  user => root( id = 1) ; result => true', 1),
	(453, '2019-03-27 15:25:11', 'HOMEPAGE :  user => root( id = 1) ; result => true', 1),
	(454, '2019-03-27 15:25:30', 'HOMEPAGE :  user => root( id = 1) ; result => true', 1),
	(455, '2019-03-27 15:26:01', 'HOMEPAGE :  user => root( id = 1) ; result => true', 1),
	(456, '2019-03-27 15:26:07', 'HOMEPAGE :  user => root( id = 1) ; result => true', 1),
	(457, '2019-03-27 15:26:26', 'HOMEPAGE :  user => root( id = 1) ; result => true', 1),
	(458, '2019-03-27 15:26:29', 'HOMEPAGE :  user => root( id = 1) ; result => true', 1),
	(459, '2019-03-27 15:31:08', 'LOGOUT  user => root( id = 1) ; result => true', 1),
	(460, '0000-00-00 00:00:00', 'true', 1),
	(461, '2019-03-28 01:59:55', 'HOMEPAGE :  user => root( id = 1) ; result => true', 1),
	(462, '2019-03-28 02:00:22', 'HOMEPAGE :  user => root( id = 1) ; result => true', 1),
	(463, '2019-03-28 02:00:29', 'HOMEPAGE :  user => root( id = 1) ; result => true', 1),
	(464, '2019-03-28 02:00:35', 'access ADMIN : VIEW user => root( id = 1) ', 1),
	(465, '2019-03-28 02:01:01', 'access ADMIN : VIEW user => root( id = 1) ', 1),
	(466, '2019-03-28 02:01:04', 'access ADMIN : VIEW user => root( id = 1) ', 1),
	(467, '2019-03-28 02:02:29', 'HOMEPAGE :  user => root( id = 1) ; result => true', 1),
	(468, '2019-03-28 02:02:31', 'HOMEPAGE :  user => root( id = 1) ; result => true', 1),
	(469, '2019-03-28 02:02:36', 'HOMEPAGE :  user => root( id = 1) ; result => true', 1),
	(470, '2019-03-28 02:07:40', 'LOGOUT  user => root( id = 1) ; result => true', 1),
	(471, '2019-03-28 02:12:06', 'a person REGISTER in system ; result =>false', 0),
	(472, '2019-03-28 02:25:37', 'a person REGISTER in system ; result =>false', 0),
	(473, '2019-03-28 02:28:31', 'a person REGISTER in system ; result =>false', 0),
	(474, '2019-03-28 02:30:36', 'a person REGISTER in system ; result =>false', 0),
	(475, '2019-03-28 02:38:43', 'a person REGISTER in system ; result =>false', 0),
	(476, '2019-03-28 02:38:58', 'a person REGISTER in system ; result =>false', 0),
	(477, '2019-03-28 02:41:30', 'a person REGISTER in system ; result =>false', 0),
	(478, '2019-03-28 02:41:32', 'a person REGISTER in system ; result =>false', 0),
	(479, '2019-03-28 02:41:33', 'a person REGISTER in system ; result =>false', 0),
	(480, '2019-03-28 02:41:34', 'a person REGISTER in system ; result =>false', 0),
	(481, '2019-03-28 02:41:35', 'a person REGISTER in system ; result =>false', 0),
	(482, '2019-03-28 02:49:24', 'a person REGISTER in system ; result =>false', 0),
	(483, '2019-03-28 03:23:23', 'a person REGISTER in system ; result =>false', 0),
	(484, '2019-03-28 03:24:01', 'a person REGISTER in system ; result =>false', 0),
	(485, '2019-03-28 03:24:02', 'a person REGISTER in system ; result =>false', 0),
	(486, '2019-03-28 03:25:13', 'a person REGISTER in system ; result =>false', 0),
	(487, '2019-03-28 03:25:21', 'a person REGISTER in system ; result =>false', 0),
	(488, '2019-03-28 03:25:41', 'a person REGISTER in system ; result =>false', 0),
	(489, '2019-03-28 03:25:46', 'a person REGISTER in system ; result =>false', 0),
	(490, '2019-03-28 03:25:53', 'a person REGISTER in system ; result =>false', 0),
	(491, '2019-03-28 03:34:25', 'a person REGISTER in system ; result =>false', 0),
	(492, '2019-03-28 03:36:06', 'a person REGISTER in system ; result =>false', 0),
	(493, '2019-03-28 03:36:18', 'a person REGISTER in system ; result =>false; username sudah di gunakan, gunakan username lain', 0),
	(494, '2019-03-28 03:36:18', 'a person REGISTER in system ; result =>false', 0),
	(495, '2019-03-28 03:37:06', 'a person REGISTER in system ; result =>false', 0),
	(496, '2019-03-28 03:38:04', 'a person REGISTER in system ; result =>false', 0),
	(497, '2019-03-28 03:38:38', 'a person REGISTER in system ; result =>false', 0),
	(498, '2019-03-28 03:38:40', 'a person REGISTER in system ; result =>false', 0),
	(499, '2019-03-28 03:38:50', 'a person REGISTER in system ; result =>false', 0),
	(500, '0000-00-00 00:00:00', 'true', 1),
	(501, '2019-03-28 03:38:54', 'HOMEPAGE :  user => root( id = 1) ; result => true', 1),
	(502, '2019-03-28 03:38:57', 'access ADMIN : VIEW user => root( id = 1) ', 1),
	(503, '2019-03-28 03:46:22', 'a person REGISTER in system ; result =>false', 0),
	(504, '2019-03-28 03:46:34', 'a person REGISTER in system ; result =>false', 0),
	(505, '2019-03-28 03:46:40', 'a person REGISTER in system ; result =>false', 0),
	(506, '2019-03-28 03:46:45', 'access ADMIN : VIEW user => root( id = 1) ', 1),
	(507, '2019-03-28 03:47:32', 'a person REGISTER in system ; result =>false', 0),
	(508, '2019-03-28 03:47:40', 'a person REGISTER in system ; result =>false', 0),
	(509, '2019-03-28 03:48:05', 'a person REGISTER in system ; result =>false', 0),
	(510, '2019-03-28 03:48:15', 'a person REGISTER in system ; result =>false', 0),
	(511, '2019-03-28 03:48:42', 'a person REGISTER in system ; result =>false', 0),
	(512, '2019-03-28 03:48:50', 'a person REGISTER in system ; result =>false', 0),
	(513, '2019-03-28 03:49:50', 'a person REGISTER in system ; result =>false', 0),
	(514, '2019-03-28 03:49:58', 'a person REGISTER in system ; result =>false', 0),
	(515, '2019-03-28 03:51:47', 'a person REGISTER in system ; result =>false; username sudah di gunakan, gunakan username lain', 0),
	(516, '2019-03-28 03:51:47', 'a person REGISTER in system ; result =>false', 0),
	(517, '2019-03-28 03:52:13', 'access ADMIN : VIEW user => root( id = 1) ', 1),
	(518, '2019-03-28 03:52:15', 'access ADMIN : VIEW user => root( id = 1) ', 1),
	(519, '2019-03-28 03:54:59', 'access ADMIN : VIEW user => root( id = 1) ', 1),
	(520, '2019-03-28 03:56:13', 'access ADMIN : VIEW user => root( id = 1) ', 1),
	(521, '2019-03-28 03:56:31', 'a person REGISTER in system ; result =>false', 0),
	(522, '2019-03-28 03:56:40', 'a person REGISTER in system ; result =>true', 0),
	(523, '0000-00-00 00:00:00', 'true', 5),
	(524, '2019-03-28 03:56:47', 'HOMEPAGE :  user => root123( id = 5) ; result => true', 5),
	(525, '2019-03-28 03:59:08', 'HOMEPAGE :  user => root( id = 1) ; result => true', 1),
	(526, '2019-03-28 03:59:13', 'HOMEPAGE :  user => root( id = 1) ; result => true', 1),
	(527, '2019-03-28 04:00:40', 'HOMEPAGE :  user => root( id = 1) ; result => true', 1),
	(528, '2019-03-28 04:04:09', 'HOMEPAGE :  user => root( id = 1) ; result => true', 1),
	(529, '2019-03-28 04:05:16', 'HOMEPAGE :  user => root( id = 1) ; result => true', 1),
	(530, '2019-03-28 04:05:19', 'HOMEPAGE :  user => root( id = 1) ; result => true', 1),
	(531, '2019-03-28 04:05:50', 'HOMEPAGE :  user => root( id = 1) ; result => true', 1),
	(532, '2019-03-28 04:05:53', 'HOMEPAGE :  user => root( id = 1) ; result => true', 1),
	(533, '2019-03-28 04:06:01', 'HOMEPAGE :  user => root( id = 1) ; result => true', 1),
	(534, '2019-03-28 04:06:06', 'LOGOUT  user => root( id = 1) ; result => true', 1),
	(535, '0000-00-00 00:00:00', 'true', 1),
	(536, '0000-00-00 00:00:00', 'true', 1),
	(537, '0000-00-00 00:00:00', 'true', 1),
	(538, '0000-00-00 00:00:00', 'true', 1),
	(539, '0000-00-00 00:00:00', 'true', 1),
	(540, '2019-03-28 04:06:41', 'HOMEPAGE :  user => root( id = 1) ; result => true', 1),
	(541, '0000-00-00 00:00:00', 'true', 1),
	(542, '2019-03-28 04:07:08', 'HOMEPAGE :  user => root( id = 1) ; result => true', 1),
	(543, '2019-03-28 04:09:26', 'HOMEPAGE :  user => root( id = 1) ; result => true', 1),
	(544, '2019-03-28 04:11:31', 'HOMEPAGE :  user => root( id = 1) ; result => true', 1),
	(545, '2019-03-28 04:11:34', 'HOMEPAGE :  user => root( id = 1) ; result => true', 1),
	(546, '2019-03-28 04:12:17', 'HOMEPAGE :  user => root( id = 1) ; result => true', 1),
	(547, '2019-03-28 04:12:20', 'HOMEPAGE :  user => root( id = 1) ; result => true', 1),
	(548, '2019-03-28 04:12:28', 'HOMEPAGE :  user => root( id = 1) ; result => true', 1),
	(549, '2019-03-28 04:13:40', 'HOMEPAGE :  user => root( id = 1) ; result => true', 1),
	(550, '2019-03-28 04:13:43', 'HOMEPAGE :  user => root( id = 1) ; result => true', 1),
	(551, '2019-03-28 04:13:44', 'HOMEPAGE :  user => root( id = 1) ; result => true', 1),
	(552, '2019-03-28 04:13:45', 'HOMEPAGE :  user => root( id = 1) ; result => true', 1),
	(553, '2019-03-28 04:13:47', 'HOMEPAGE :  user => root( id = 1) ; result => true', 1),
	(554, '2019-03-28 04:13:50', 'HOMEPAGE :  user => root( id = 1) ; result => true', 1),
	(555, '2019-03-28 04:14:16', 'HOMEPAGE :  user => root( id = 1) ; result => true', 1),
	(556, '2019-03-28 04:14:18', 'access ADMIN : VIEW user => root( id = 1) ', 1),
	(557, '2019-03-28 04:14:33', 'HOMEPAGE :  user => root( id = 1) ; result => true', 1),
	(558, '2019-03-28 04:15:36', 'access ADMIN : VIEW user => root( id = 1) ', 1),
	(559, '2019-03-28 04:17:29', 'HOMEPAGE :  user => root( id = 1) ; result => true', 1),
	(560, '2019-03-28 04:17:31', 'HOMEPAGE :  user => root( id = 1) ; result => true', 1),
	(561, '2019-03-28 04:17:35', 'HOMEPAGE :  user => root( id = 1) ; result => true', 1),
	(562, '2019-03-28 04:17:39', 'HOMEPAGE :  user => root( id = 1) ; result => true', 1),
	(563, '2019-03-28 04:17:44', 'HOMEPAGE :  user => root( id = 1) ; result => true', 1),
	(564, '2019-03-28 04:17:46', 'access ADMIN : VIEW user => root( id = 1) ', 1),
	(565, '2019-03-28 04:17:50', 'EDIT USER (root1) BY ():  user => root( id = 1) ; result => true', 1),
	(566, '2019-03-28 04:17:50', 'access ADMIN : VIEW user => root( id = 1) ', 1),
	(567, '2019-03-28 04:17:54', 'EDIT USER (root1) BY ():  user => root( id = 1) ; result => true', 1),
	(568, '2019-03-28 04:17:54', 'access ADMIN : VIEW user => root( id = 1) ', 1),
	(569, '2019-03-28 04:17:56', 'HOMEPAGE :  user => root( id = 1) ; result => true', 1),
	(570, '2019-03-28 04:18:58', 'HOMEPAGE :  user => root( id = 1) ; result => true', 1),
	(571, '2019-03-28 04:22:40', 'LOGOUT  user => root( id = 1) ; result => true', 1),
	(572, '0000-00-00 00:00:00', 'true', 1),
	(573, '2019-03-28 04:22:43', 'HOMEPAGE :  user => root( id = 1) ; result => true', 1),
	(574, '2019-03-28 04:22:52', 'HOMEPAGE :  user => root( id = 1) ; result => true', 1),
	(575, '2019-03-28 04:23:42', 'HOMEPAGE :  user => root( id = 1) ; result => true', 1),
	(576, '2019-03-28 04:23:45', 'HOMEPAGE :  user => root( id = 1) ; result => true', 1),
	(577, '2019-03-28 04:23:48', 'LOGOUT  user => root( id = 1) ; result => true', 1),
	(578, '0000-00-00 00:00:00', 'true', 1),
	(579, '2019-03-28 04:27:10', 'HOMEPAGE :  user => root( id = 1) ; result => true', 1),
	(580, '2019-03-28 04:27:25', 'HOMEPAGE :  user => root( id = 1) ; result => true', 1),
	(581, '2019-03-28 04:28:08', 'HOMEPAGE :  user => root( id = 1) ; result => true', 1),
	(582, '2019-03-28 04:28:14', 'HOMEPAGE :  user => root( id = 1) ; result => true', 1),
	(583, '2019-03-28 04:31:13', 'HOMEPAGE :  user => root( id = 1) ; result => true', 1),
	(584, '2019-03-28 04:31:17', 'HOMEPAGE :  user => root( id = 1) ; result => true', 1),
	(585, '2019-03-28 04:31:22', 'HOMEPAGE :  user => root( id = 1) ; result => true', 1),
	(586, '2019-03-28 04:31:23', 'HOMEPAGE :  user => root( id = 1) ; result => true', 1),
	(587, '2019-03-28 04:31:24', 'HOMEPAGE :  user => root( id = 1) ; result => true', 1),
	(588, '2019-03-28 04:31:25', 'HOMEPAGE :  user => root( id = 1) ; result => true', 1),
	(589, '2019-03-28 04:31:26', 'HOMEPAGE :  user => root( id = 1) ; result => true', 1),
	(590, '2019-03-28 04:31:26', 'HOMEPAGE :  user => root( id = 1) ; result => true', 1),
	(591, '2019-03-28 04:31:27', 'HOMEPAGE :  user => root( id = 1) ; result => true', 1),
	(592, '2019-03-28 04:31:27', 'HOMEPAGE :  user => root( id = 1) ; result => true', 1),
	(593, '2019-03-28 04:31:28', 'HOMEPAGE :  user => root( id = 1) ; result => true', 1),
	(594, '2019-03-28 04:31:29', 'HOMEPAGE :  user => root( id = 1) ; result => true', 1),
	(595, '2019-03-28 04:31:30', 'HOMEPAGE :  user => root( id = 1) ; result => true', 1),
	(596, '2019-03-28 04:31:31', 'HOMEPAGE :  user => root( id = 1) ; result => true', 1),
	(597, '2019-03-28 04:31:32', 'HOMEPAGE :  user => root( id = 1) ; result => true', 1),
	(598, '2019-03-28 04:31:33', 'HOMEPAGE :  user => root( id = 1) ; result => true', 1),
	(599, '2019-03-28 04:31:36', 'HOMEPAGE :  user => root( id = 1) ; result => true', 1),
	(600, '2019-03-28 04:31:41', 'HOMEPAGE :  user => root( id = 1) ; result => true', 1),
	(601, '2019-03-28 04:31:43', 'HOMEPAGE :  user => root( id = 1) ; result => true', 1),
	(602, '2019-03-28 04:31:43', 'HOMEPAGE :  user => root( id = 1) ; result => true', 1),
	(603, '2019-03-28 04:31:44', 'HOMEPAGE :  user => root( id = 1) ; result => true', 1),
	(604, '2019-03-28 04:31:47', 'HOMEPAGE :  user => root( id = 1) ; result => true', 1),
	(605, '2019-03-28 04:31:52', 'HOMEPAGE :  user => root( id = 1) ; result => true', 1),
	(606, '2019-03-28 04:31:55', 'HOMEPAGE :  user => root( id = 1) ; result => true', 1),
	(607, '2019-03-28 04:32:04', 'access ADMIN : VIEW user => root( id = 1) ', 1),
	(608, '2019-03-28 04:32:06', 'HOMEPAGE :  user => root( id = 1) ; result => true', 1),
	(609, '2019-03-28 04:32:08', 'HOMEPAGE :  user => root( id = 1) ; result => true', 1),
	(610, '2019-03-28 04:34:04', 'HOMEPAGE :  user => root( id = 1) ; result => true', 1),
	(611, '2019-03-28 04:34:07', 'access ADMIN : VIEW user => root( id = 1) ', 1),
	(612, '2019-03-28 04:34:31', 'access ADMIN : VIEW user => root( id = 1) ', 1),
	(613, '2019-03-28 04:37:01', 'HOMEPAGE :  user => root( id = 1) ; result => true', 1),
	(614, '2019-03-28 04:37:48', 'HOMEPAGE :  user => root( id = 1) ; result => true', 1),
	(615, '2019-03-28 04:39:07', 'access ADMIN : VIEW user => root( id = 1) ', 1),
	(616, '2019-03-28 04:40:01', 'HOMEPAGE :  user => root( id = 1) ; result => true', 1),
	(617, '2019-03-28 04:40:06', 'HOMEPAGE :  user => root( id = 1) ; result => true', 1),
	(618, '2019-03-28 04:40:19', 'HOMEPAGE :  user => root( id = 1) ; result => true', 1),
	(619, '2019-03-28 04:40:25', 'access ADMIN : VIEW user => root( id = 1) ', 1),
	(620, '2019-03-28 04:44:09', 'access ADMIN : VIEW user => root( id = 1) ', 1),
	(621, '0000-00-00 00:00:00', 'false =>Username atau password salah!', 0),
	(622, '2019-03-28 04:44:29', 'a person REGISTER in system ; result =>false', 0),
	(623, '2019-03-28 04:44:38', 'a person REGISTER in system ; result =>true', 0),
	(624, '0000-00-00 00:00:00', 'true', 6),
	(625, '2019-03-28 04:44:55', 'access ADMIN : VIEW user => root( id = 1) ', 1),
	(626, '0000-00-00 00:00:00', 'true', 6),
	(627, '2019-03-28 04:45:39', 'LOGOUT  user => root( id = 1) ; result => true', 1),
	(628, '0000-00-00 00:00:00', 'true', 1),
	(629, '2019-03-28 04:45:41', 'HOMEPAGE :  user => root( id = 1) ; result => true', 1),
	(630, '2019-03-28 04:45:51', 'access ADMIN : VIEW user => root( id = 1) ', 1),
	(631, '2019-03-28 04:46:02', 'EDIT USER (root123) BY ():  user => root( id = 1) ; result => true', 1),
	(632, '2019-03-28 04:46:02', 'access ADMIN : VIEW user => root( id = 1) ', 1),
	(633, '0000-00-00 00:00:00', 'true', 6),
	(634, '2019-03-28 04:46:27', 'HOMEPAGE :  user => root123( id = 6) ; result => true', 6),
	(635, '2019-03-28 04:47:58', 'HOMEPAGE :  user => root123( id = 6) ; result => true', 6),
	(636, '2019-03-28 04:59:24', 'access ADMIN : VIEW user => root( id = 1) ', 1),
	(637, '2019-03-28 04:59:40', 'access ADMIN : VIEW user => root( id = 1) ', 1),
	(638, '0000-00-00 00:00:00', 'true', 1),
	(639, '0000-00-00 00:00:00', 'true', 6),
	(640, '2019-03-28 12:57:05', 'HOMEPAGE :  user => root( id = 1) ; result => true', 1),
	(641, '2019-03-28 12:57:23', 'HOMEPAGE :  user => root( id = 1) ; result => true', 1),
	(642, '2019-03-28 12:57:57', 'HOMEPAGE :  user => root( id = 1) ; result => true', 1),
	(643, '2019-03-28 12:58:02', 'HOMEPAGE :  user => root( id = 1) ; result => true', 1),
	(644, '2019-03-28 12:58:05', 'HOMEPAGE :  user => root( id = 1) ; result => true', 1),
	(645, '2019-03-28 12:58:16', 'HOMEPAGE :  user => root( id = 1) ; result => true', 1),
	(646, '2019-03-28 12:58:23', 'HOMEPAGE :  user => root( id = 1) ; result => true', 1),
	(647, '2019-03-28 12:58:24', 'HOMEPAGE :  user => root( id = 1) ; result => true', 1),
	(648, '2019-03-28 12:58:27', 'HOMEPAGE :  user => root( id = 1) ; result => true', 1),
	(649, '2019-03-28 12:58:29', 'HOMEPAGE :  user => root( id = 1) ; result => true', 1),
	(650, '2019-03-28 12:58:30', 'HOMEPAGE :  user => root( id = 1) ; result => true', 1),
	(651, '2019-03-28 12:58:31', 'HOMEPAGE :  user => root( id = 1) ; result => true', 1),
	(652, '2019-03-28 12:58:33', 'HOMEPAGE :  user => root( id = 1) ; result => true', 1),
	(653, '2019-03-28 12:58:34', 'HOMEPAGE :  user => root( id = 1) ; result => true', 1),
	(654, '2019-03-28 12:58:35', 'HOMEPAGE :  user => root( id = 1) ; result => true', 1),
	(655, '2019-03-28 12:58:36', 'HOMEPAGE :  user => root( id = 1) ; result => true', 1),
	(656, '2019-03-28 12:58:38', 'HOMEPAGE :  user => root( id = 1) ; result => true', 1),
	(657, '2019-03-28 12:58:39', 'HOMEPAGE :  user => root( id = 1) ; result => true', 1),
	(658, '2019-03-28 12:58:40', 'HOMEPAGE :  user => root( id = 1) ; result => true', 1),
	(659, '2019-03-28 12:58:41', 'HOMEPAGE :  user => root( id = 1) ; result => true', 1),
	(660, '2019-03-28 12:58:42', 'HOMEPAGE :  user => root( id = 1) ; result => true', 1),
	(661, '2019-03-28 12:58:43', 'HOMEPAGE :  user => root( id = 1) ; result => true', 1),
	(662, '2019-03-28 12:58:45', 'HOMEPAGE :  user => root( id = 1) ; result => true', 1),
	(663, '2019-03-28 12:58:46', 'HOMEPAGE :  user => root( id = 1) ; result => true', 1),
	(664, '2019-03-28 12:58:48', 'HOMEPAGE :  user => root( id = 1) ; result => true', 1),
	(665, '2019-03-28 12:58:58', 'HOMEPAGE :  user => root( id = 1) ; result => true', 1),
	(666, '2019-03-28 12:59:14', 'HOMEPAGE :  user => root( id = 1) ; result => true', 1),
	(667, '2019-03-28 13:01:26', 'HOMEPAGE :  user => root( id = 1) ; result => true', 1),
	(668, '2019-03-28 13:01:30', 'HOMEPAGE :  user => root( id = 1) ; result => true', 1),
	(669, '2019-03-28 13:02:17', 'HOMEPAGE :  user => root( id = 1) ; result => true', 1),
	(670, '2019-03-28 13:02:20', 'access ADMIN : VIEW user => root( id = 1) ', 1),
	(671, '2019-03-28 15:57:15', 'access ADMIN : VIEW user => root( id = 1) ', 1),
	(672, '0000-00-00 00:00:00', 'true', 6),
	(673, '0000-00-00 00:00:00', 'true', 1),
	(674, '2019-03-28 18:11:37', 'HOMEPAGE :  user => root( id = 1) ; result => true', 1),
	(675, '2019-03-28 18:13:36', 'HOMEPAGE :  user => root( id = 1) ; result => true', 1),
	(676, '0000-00-00 00:00:00', 'true', 1),
	(677, '2019-03-29 04:14:55', 'HOMEPAGE :  user => root( id = 1) ; result => true', 1),
	(678, '0000-00-00 00:00:00', 'true', 6),
	(679, '0000-00-00 00:00:00', 'false =>Username atau password salah!', 0),
	(680, '2019-03-29 04:33:44', 'a person REGISTER in system ; result =>false', 0),
	(681, '0000-00-00 00:00:00', 'true', 1),
	(682, '2019-03-29 06:41:16', 'HOMEPAGE :  user => root( id = 1) ; result => true', 1),
	(683, '2019-03-29 06:41:18', 'HOMEPAGE :  user => root( id = 1) ; result => true', 1),
	(684, '2019-03-29 06:41:29', 'access ADMIN : VIEW user => root( id = 1) ', 1),
	(685, '2019-03-29 06:45:36', 'HOMEPAGE :  user => root( id = 1) ; result => true', 1),
	(686, '2019-03-29 06:45:37', 'HOMEPAGE :  user => root( id = 1) ; result => true', 1),
	(687, '2019-03-29 06:45:39', 'HOMEPAGE :  user => root( id = 1) ; result => true', 1),
	(688, '2019-03-29 06:45:40', 'HOMEPAGE :  user => root( id = 1) ; result => true', 1),
	(689, '2019-03-29 06:45:42', 'HOMEPAGE :  user => root( id = 1) ; result => true', 1),
	(690, '2019-03-29 06:45:43', 'HOMEPAGE :  user => root( id = 1) ; result => true', 1),
	(691, '2019-03-29 06:45:46', 'HOMEPAGE :  user => root( id = 1) ; result => true', 1),
	(692, '2019-03-29 06:45:47', 'HOMEPAGE :  user => root( id = 1) ; result => true', 1),
	(693, '2019-03-29 06:45:47', 'HOMEPAGE :  user => root( id = 1) ; result => true', 1),
	(694, '2019-03-29 06:45:48', 'HOMEPAGE :  user => root( id = 1) ; result => true', 1),
	(695, '2019-03-29 06:45:49', 'HOMEPAGE :  user => root( id = 1) ; result => true', 1),
	(696, '2019-03-29 06:45:50', 'HOMEPAGE :  user => root( id = 1) ; result => true', 1),
	(697, '2019-03-29 06:46:17', 'HOMEPAGE :  user => root( id = 1) ; result => true', 1),
	(698, '2019-03-29 06:46:59', 'HOMEPAGE :  user => root( id = 1) ; result => true', 1),
	(699, '2019-03-29 06:47:10', 'HOMEPAGE :  user => root( id = 1) ; result => true', 1),
	(700, '2019-03-29 06:47:45', 'HOMEPAGE :  user => root( id = 1) ; result => true', 1),
	(701, '2019-03-29 06:47:47', 'access ADMIN : VIEW user => root( id = 1) ', 1),
	(702, '2019-03-29 06:48:14', 'HOMEPAGE :  user => root( id = 1) ; result => true', 1),
	(703, '2019-03-29 06:48:47', 'LOGOUT  user => root123( id = 6) ; result => true', 6),
	(704, '2019-03-29 06:48:50', 'a person REGISTER in system ; result =>false', 0),
	(705, '2019-03-29 06:49:06', 'a person REGISTER in system ; result =>true', 0),
	(706, '2019-03-29 06:49:19', 'access ADMIN : VIEW user => root( id = 1) ', 1),
	(707, '0000-00-00 00:00:00', 'true', 7),
	(708, '2019-03-29 06:51:09', 'LOGOUT  user => aku123( id = 7) ; result => true', 7),
	(709, '2019-03-29 06:51:12', 'a person REGISTER in system ; result =>false', 0),
	(710, '0000-00-00 00:00:00', 'true', 7),
	(711, '2019-03-29 06:56:06', 'HOMEPAGE :  user => root( id = 1) ; result => true', 1),
	(712, '2019-03-29 06:56:10', 'access ADMIN : VIEW user => root( id = 1) ', 1),
	(713, '2019-03-29 07:02:38', 'HOMEPAGE :  user => root( id = 1) ; result => true', 1),
	(714, '2019-03-29 07:02:44', 'LOGOUT  user => root( id = 1) ; result => true', 1),
	(715, '0000-00-00 00:00:00', 'true', 1),
	(716, '2019-03-29 07:06:07', 'HOMEPAGE :  user => root( id = 1) ; result => true', 1),
	(717, '2019-03-29 07:06:51', 'HOMEPAGE :  user => root( id = 1) ; result => true', 1),
	(718, '2019-03-29 07:07:16', 'HOMEPAGE :  user => root( id = 1) ; result => true', 1),
	(719, '2019-03-29 07:07:50', 'HOMEPAGE :  user => root( id = 1) ; result => true', 1),
	(720, '2019-03-29 07:09:05', 'access ADMIN : VIEW user => root( id = 1) ', 1),
	(721, '2019-03-29 07:11:26', 'access ADMIN : VIEW user => root( id = 1) ', 1),
	(722, '0000-00-00 00:00:00', 'true', 7),
	(723, '2019-03-29 07:35:29', 'access ADMIN : VIEW user => root( id = 1) ', 1),
	(724, '2019-03-29 07:36:32', 'HOMEPAGE :  user => root( id = 1) ; result => true', 1),
	(725, '0000-00-00 00:00:00', 'true', 1),
	(726, '2019-03-29 07:39:24', 'HOMEPAGE :  user => root( id = 1) ; result => true', 1),
	(727, '2019-03-29 07:41:58', 'HOMEPAGE :  user => root( id = 1) ; result => true', 1),
	(728, '0000-00-00 00:00:00', 'true', 1),
	(729, '2019-03-29 07:46:38', 'HOMEPAGE :  user => root( id = 1) ; result => true', 1),
	(730, '0000-00-00 00:00:00', 'true', 1),
	(731, '2019-03-29 07:46:46', 'HOMEPAGE :  user => root( id = 1) ; result => true', 1),
	(732, '0000-00-00 00:00:00', 'false =>Username atau password salah!', 0),
	(733, '0000-00-00 00:00:00', 'true', 7),
	(734, '0000-00-00 00:00:00', 'true', 1),
	(735, '2019-03-29 07:50:06', 'HOMEPAGE :  user => root( id = 1) ; result => true', 1),
	(736, '0000-00-00 00:00:00', 'true', 7),
	(737, '0000-00-00 00:00:00', 'true', 1),
	(738, '2019-03-29 09:06:44', 'HOMEPAGE :  user => root( id = 1) ; result => true', 1),
	(739, '2019-03-29 09:06:51', 'HOMEPAGE :  user => root( id = 1) ; result => true', 1),
	(740, '0000-00-00 00:00:00', 'true', 7),
	(741, '0000-00-00 00:00:00', 'true', 1),
	(742, '2019-03-29 11:47:25', 'HOMEPAGE :  user => root( id = 1) ; result => true', 1),
	(743, '2019-03-29 11:47:28', 'access ADMIN : VIEW user => root( id = 1) ', 1),
	(744, '0000-00-00 00:00:00', 'true', 1),
	(745, '2019-03-29 12:04:15', 'HOMEPAGE :  user => root( id = 1) ; result => true', 1),
	(746, '2019-03-29 12:04:17', 'HOMEPAGE :  user => root( id = 1) ; result => true', 1),
	(747, '2019-03-29 12:04:21', 'HOMEPAGE :  user => root( id = 1) ; result => true', 1),
	(748, '2019-03-29 12:05:36', 'access ADMIN : VIEW user => root( id = 1) ', 1),
	(749, '2019-03-29 12:05:46', 'EDIT USER (1553856968) BY ():  user => root( id = 1) ; result => true', 1),
	(750, '2019-03-29 12:05:47', 'access ADMIN : VIEW user => root( id = 1) ', 1),
	(751, '2019-03-29 12:05:51', 'EDIT USER (1553856968) BY ():  user => root( id = 1) ; result => true', 1),
	(752, '2019-03-29 12:05:51', 'access ADMIN : VIEW user => root( id = 1) ', 1),
	(753, '2019-03-29 12:05:56', 'access ADMIN : VIEW user => root( id = 1) ', 1),
	(754, '2019-03-29 12:05:59', 'access ADMIN : VIEW user => root( id = 1) ', 1),
	(755, '2019-03-29 12:06:00', 'HOMEPAGE :  user => root( id = 1) ; result => true', 1),
	(756, '0000-00-00 00:00:00', 'true', 1),
	(757, '2019-03-29 14:36:50', 'HOMEPAGE :  user => root( id = 1) ; result => true', 1),
	(758, '2019-03-29 14:36:52', 'access ADMIN : VIEW user => root( id = 1) ', 1),
	(759, '2019-03-29 14:40:02', 'access ADMIN : VIEW user => root( id = 1) ', 1),
	(760, '2019-03-29 14:40:05', 'DELETE USER (1553856968) BY ():  user => root( id = 1) ; result => true', 1),
	(761, '2019-03-29 14:40:05', 'access ADMIN : VIEW user => root( id = 1) ', 1),
	(762, '2019-03-29 14:44:35', 'access ADMIN : VIEW user => root( id = 1) ', 1),
	(763, '2019-03-29 14:51:21', 'access ADMIN : VIEW user => root( id = 1) ', 1),
	(764, '2019-03-29 14:51:23', 'access ADMIN : VIEW user => root( id = 1) ', 1),
	(765, '2019-03-29 14:52:47', 'HOMEPAGE :  user => root( id = 1) ; result => true', 1),
	(766, '2019-03-29 14:53:08', 'HOMEPAGE :  user => root( id = 1) ; result => true', 1),
	(767, '2019-03-29 14:53:29', 'HOMEPAGE :  user => root( id = 1) ; result => true', 1),
	(768, '2019-03-29 14:56:25', 'HOMEPAGE :  user => root( id = 1) ; result => true', 1),
	(769, '2019-03-29 14:57:08', 'HOMEPAGE :  user => root( id = 1) ; result => true', 1),
	(770, '2019-03-29 14:57:36', 'HOMEPAGE :  user => root( id = 1) ; result => true', 1),
	(771, '2019-03-29 14:59:00', 'HOMEPAGE :  user => root( id = 1) ; result => true', 1),
	(772, '0000-00-00 00:00:00', 'false =>Username atau password salah!', 0),
	(773, '2019-03-29 15:00:10', 'HOMEPAGE :  user => root( id = 1) ; result => true', 1),
	(774, '2019-03-29 15:01:38', 'HOMEPAGE :  user => root( id = 1) ; result => true', 1),
	(775, '2019-03-29 15:02:01', 'HOMEPAGE :  user => root( id = 1) ; result => true', 1),
	(776, '2019-03-29 15:07:49', 'HOMEPAGE :  user => root( id = 1) ; result => true', 1),
	(777, '2019-03-29 15:08:13', 'HOMEPAGE :  user => root( id = 1) ; result => true', 1),
	(778, '2019-03-29 15:08:25', 'HOMEPAGE :  user => root( id = 1) ; result => true', 1),
	(779, '2019-03-29 15:08:27', 'HOMEPAGE :  user => root( id = 1) ; result => true', 1),
	(780, '2019-03-29 15:09:11', 'HOMEPAGE :  user => root( id = 1) ; result => true', 1),
	(781, '2019-03-29 15:09:48', 'HOMEPAGE :  user => root( id = 1) ; result => true', 1),
	(782, '2019-03-29 15:09:57', 'HOMEPAGE :  user => root( id = 1) ; result => true', 1),
	(783, '2019-03-29 15:13:46', 'HOMEPAGE :  user => root( id = 1) ; result => true', 1),
	(784, '2019-03-29 15:13:49', 'access ADMIN : VIEW user => root( id = 1) ', 1),
	(785, '2019-03-29 15:13:52', 'HOMEPAGE :  user => root( id = 1) ; result => true', 1),
	(786, '2019-03-29 15:22:54', 'HOMEPAGE :  user => root( id = 1) ; result => true', 1),
	(787, '2019-03-29 15:23:16', 'HOMEPAGE :  user => root( id = 1) ; result => true', 1),
	(788, '2019-03-29 15:26:29', 'HOMEPAGE :  user => root( id = 1) ; result => true', 1),
	(789, '2019-03-29 15:26:37', 'HOMEPAGE :  user => root( id = 1) ; result => true', 1),
	(790, '2019-03-29 15:26:38', 'HOMEPAGE :  user => root( id = 1) ; result => true', 1),
	(791, '2019-03-29 15:29:18', 'HOMEPAGE :  user => root( id = 1) ; result => true', 1),
	(792, '2019-03-29 15:29:27', 'HOMEPAGE :  user => root( id = 1) ; result => true', 1),
	(793, '2019-03-29 15:29:29', 'HOMEPAGE :  user => root( id = 1) ; result => true', 1),
	(794, '2019-03-29 15:30:37', 'HOMEPAGE :  user => root( id = 1) ; result => true', 1),
	(795, '2019-03-29 15:31:06', 'HOMEPAGE :  user => root( id = 1) ; result => true', 1),
	(796, '2019-03-29 15:32:41', 'HOMEPAGE :  user => root( id = 1) ; result => true', 1),
	(797, '2019-03-29 17:16:15', 'HOMEPAGE :  user => root( id = 1) ; result => true', 1),
	(798, '2019-03-29 17:16:20', 'HOMEPAGE :  user => root( id = 1) ; result => true', 1),
	(799, '2019-03-29 17:16:22', 'access ADMIN : VIEW user => root( id = 1) ', 1),
	(800, '2019-03-29 17:16:25', 'DELETE USER (1553867350) BY ():  user => root( id = 1) ; result => true', 1),
	(801, '2019-03-29 17:16:25', 'access ADMIN : VIEW user => root( id = 1) ', 1),
	(802, '2019-03-29 17:16:28', 'DELETE USER (1553867431) BY ():  user => root( id = 1) ; result => true', 1),
	(803, '2019-03-29 17:16:28', 'access ADMIN : VIEW user => root( id = 1) ', 1),
	(804, '2019-03-29 17:16:29', 'HOMEPAGE :  user => root( id = 1) ; result => true', 1),
	(805, '2019-03-29 17:16:32', 'HOMEPAGE :  user => root( id = 1) ; result => true', 1),
	(806, '2019-03-29 17:16:57', 'HOMEPAGE :  user => root( id = 1) ; result => true', 1),
	(807, '2019-03-29 17:18:03', 'HOMEPAGE :  user => root( id = 1) ; result => true', 1),
	(808, '2019-03-29 17:18:10', 'HOMEPAGE :  user => root( id = 1) ; result => true', 1),
	(809, '2019-03-29 17:18:16', 'HOMEPAGE :  user => root( id = 1) ; result => true', 1),
	(810, '2019-03-29 17:35:35', 'HOMEPAGE :  user => root( id = 1) ; result => true', 1),
	(811, '2019-03-29 17:35:57', 'access ADMIN : VIEW user => root( id = 1) ', 1),
	(812, '2019-03-29 17:36:00', 'DELETE USER (1553867051) BY ():  user => root( id = 1) ; result => true', 1),
	(813, '2019-03-29 17:36:00', 'access ADMIN : VIEW user => root( id = 1) ', 1),
	(814, '2019-03-29 17:36:06', 'HOMEPAGE :  user => root( id = 1) ; result => true', 1),
	(815, '2019-03-29 17:36:14', 'HOMEPAGE :  user => root( id = 1) ; result => true', 1),
	(816, '2019-03-29 17:40:51', 'HOMEPAGE :  user => root( id = 1) ; result => true', 1),
	(817, '2019-03-29 17:41:01', 'HOMEPAGE :  user => root( id = 1) ; result => true', 1),
	(818, '2019-03-29 17:45:12', 'HOMEPAGE :  user => root( id = 1) ; result => true', 1),
	(819, '2019-03-29 17:45:16', 'HOMEPAGE :  user => root( id = 1) ; result => true', 1),
	(820, '2019-03-29 17:45:19', 'HOMEPAGE :  user => root( id = 1) ; result => true', 1),
	(821, '2019-03-29 17:45:55', 'HOMEPAGE :  user => root( id = 1) ; result => true', 1),
	(822, '2019-03-29 17:45:57', 'HOMEPAGE :  user => root( id = 1) ; result => true', 1),
	(823, '2019-03-29 17:46:03', 'HOMEPAGE :  user => root( id = 1) ; result => true', 1),
	(824, '2019-03-29 17:46:17', 'access ADMIN : VIEW user => root( id = 1) ', 1),
	(825, '2019-03-29 17:46:39', 'HOMEPAGE :  user => root( id = 1) ; result => true', 1),
	(826, '2019-03-29 17:47:21', 'HOMEPAGE :  user => root( id = 1) ; result => true', 1),
	(827, '2019-03-29 17:49:26', 'HOMEPAGE :  user => root( id = 1) ; result => true', 1),
	(828, '2019-03-29 17:49:46', 'HOMEPAGE :  user => root( id = 1) ; result => true', 1),
	(829, '2019-03-29 17:51:50', 'HOMEPAGE :  user => root( id = 1) ; result => true', 1),
	(830, '2019-03-29 17:52:09', 'HOMEPAGE :  user => root( id = 1) ; result => true', 1),
	(831, '2019-03-29 17:52:35', 'HOMEPAGE :  user => root( id = 1) ; result => true', 1),
	(832, '2019-03-29 17:55:45', 'HOMEPAGE :  user => root( id = 1) ; result => true', 1),
	(833, '2019-03-29 17:56:59', 'HOMEPAGE :  user => root( id = 1) ; result => true', 1),
	(834, '2019-03-29 17:57:21', 'HOMEPAGE :  user => root( id = 1) ; result => true', 1),
	(835, '2019-03-29 17:58:44', 'HOMEPAGE :  user => root( id = 1) ; result => true', 1),
	(836, '2019-03-29 17:58:56', 'HOMEPAGE :  user => root( id = 1) ; result => true', 1),
	(837, '2019-03-29 17:59:02', 'HOMEPAGE :  user => root( id = 1) ; result => true', 1),
	(838, '2019-03-29 17:59:14', 'HOMEPAGE :  user => root( id = 1) ; result => true', 1),
	(839, '2019-03-29 17:59:25', 'HOMEPAGE :  user => root( id = 1) ; result => true', 1),
	(840, '2019-03-29 17:59:31', 'HOMEPAGE :  user => root( id = 1) ; result => true', 1),
	(841, '2019-03-29 17:59:43', 'HOMEPAGE :  user => root( id = 1) ; result => true', 1),
	(842, '2019-03-29 17:59:46', 'HOMEPAGE :  user => root( id = 1) ; result => true', 1),
	(843, '2019-03-29 18:01:52', 'HOMEPAGE :  user => root( id = 1) ; result => true', 1),
	(844, '2019-03-29 18:02:19', 'HOMEPAGE :  user => root( id = 1) ; result => true', 1),
	(845, '2019-03-29 18:03:36', 'HOMEPAGE :  user => root( id = 1) ; result => true', 1),
	(846, '2019-03-29 18:03:59', 'HOMEPAGE :  user => root( id = 1) ; result => true', 1),
	(847, '2019-03-29 18:04:26', 'HOMEPAGE :  user => root( id = 1) ; result => true', 1),
	(848, '2019-03-29 18:06:02', 'HOMEPAGE :  user => root( id = 1) ; result => true', 1),
	(849, '2019-03-29 18:06:32', 'HOMEPAGE :  user => root( id = 1) ; result => true', 1),
	(850, '2019-03-29 18:06:40', 'HOMEPAGE :  user => root( id = 1) ; result => true', 1),
	(851, '2019-03-29 18:06:52', 'HOMEPAGE :  user => root( id = 1) ; result => true', 1),
	(852, '2019-03-29 18:07:01', 'HOMEPAGE :  user => root( id = 1) ; result => true', 1),
	(853, '2019-03-29 18:07:27', 'HOMEPAGE :  user => root( id = 1) ; result => true', 1),
	(854, '2019-03-29 18:07:41', 'HOMEPAGE :  user => root( id = 1) ; result => true', 1),
	(855, '2019-03-29 18:08:01', 'HOMEPAGE :  user => root( id = 1) ; result => true', 1),
	(856, '2019-03-29 18:08:10', 'HOMEPAGE :  user => root( id = 1) ; result => true', 1),
	(857, '2019-03-29 18:08:40', 'HOMEPAGE :  user => root( id = 1) ; result => true', 1),
	(858, '2019-03-29 18:09:35', 'HOMEPAGE :  user => root( id = 1) ; result => true', 1),
	(859, '2019-03-29 18:10:16', 'HOMEPAGE :  user => root( id = 1) ; result => true', 1),
	(860, '2019-03-29 18:10:31', 'HOMEPAGE :  user => root( id = 1) ; result => true', 1),
	(861, '2019-03-29 18:11:45', 'HOMEPAGE :  user => root( id = 1) ; result => true', 1),
	(862, '2019-03-29 18:11:58', 'HOMEPAGE :  user => root( id = 1) ; result => true', 1),
	(863, '0000-00-00 00:00:00', 'true', 1),
	(864, '2019-03-30 03:32:56', 'HOMEPAGE :  user => root( id = 1) ; result => true', 1),
	(865, '2019-03-30 03:33:00', 'HOMEPAGE :  user => root( id = 1) ; result => true', 1),
	(866, '2019-03-30 03:35:17', 'HOMEPAGE :  user => root( id = 1) ; result => true', 1),
	(867, '2019-03-30 03:42:24', 'HOMEPAGE :  user => root( id = 1) ; result => true', 1),
	(868, '0000-00-00 00:00:00', 'true', 1),
	(869, '2019-03-30 04:00:16', 'HOMEPAGE :  user => root( id = 1) ; result => true', 1),
	(870, '2019-03-30 04:00:18', 'HOMEPAGE :  user => root( id = 1) ; result => true', 1),
	(871, '2019-03-30 04:03:08', 'HOMEPAGE :  user => root( id = 1) ; result => true', 1),
	(872, '2019-03-30 04:03:12', 'HOMEPAGE :  user => root( id = 1) ; result => true', 1),
	(873, '2019-03-30 04:09:49', 'HOMEPAGE :  user => root( id = 1) ; result => true', 1),
	(874, '2019-03-30 04:09:53', 'HOMEPAGE :  user => root( id = 1) ; result => true', 1),
	(875, '2019-03-30 04:12:08', 'HOMEPAGE :  user => root( id = 1) ; result => true', 1),
	(876, '2019-03-30 04:15:24', 'HOMEPAGE :  user => root( id = 1) ; result => true', 1),
	(877, '2019-03-30 04:17:07', 'HOMEPAGE :  user => root( id = 1) ; result => true', 1),
	(878, '2019-03-30 04:34:07', 'HOMEPAGE :  user => root( id = 1) ; result => true', 1),
	(879, '2019-03-30 04:34:09', 'HOMEPAGE :  user => root( id = 1) ; result => true', 1),
	(880, '2019-03-30 04:34:51', 'HOMEPAGE :  user => root( id = 1) ; result => true', 1),
	(881, '2019-03-30 04:40:00', 'HOMEPAGE :  user => root( id = 1) ; result => true', 1),
	(882, '2019-03-30 04:40:44', 'HOMEPAGE :  user => root( id = 1) ; result => true', 1),
	(883, '2019-03-30 04:40:51', 'HOMEPAGE :  user => root( id = 1) ; result => true', 1),
	(884, '2019-03-30 04:43:01', 'HOMEPAGE :  user => root( id = 1) ; result => true', 1),
	(885, '2019-03-30 04:43:32', 'HOMEPAGE :  user => root( id = 1) ; result => true', 1),
	(886, '2019-03-30 04:43:34', 'HOMEPAGE :  user => root( id = 1) ; result => true', 1),
	(887, '2019-03-30 04:53:30', 'HOMEPAGE :  user => root( id = 1) ; result => true', 1),
	(888, '2019-03-30 04:53:32', 'HOMEPAGE :  user => root( id = 1) ; result => true', 1),
	(889, '2019-03-30 05:01:14', 'HOMEPAGE :  user => root( id = 1) ; result => true', 1),
	(890, '2019-03-30 05:01:23', 'HOMEPAGE :  user => root( id = 1) ; result => true', 1),
	(891, '2019-03-30 05:07:12', 'HOMEPAGE :  user => root( id = 1) ; result => true', 1),
	(892, '2019-03-30 05:47:04', 'HOMEPAGE :  user => root( id = 1) ; result => true', 1),
	(893, '2019-03-30 05:50:38', 'HOMEPAGE :  user => root( id = 1) ; result => true', 1),
	(894, '2019-03-30 05:50:41', 'HOMEPAGE :  user => root( id = 1) ; result => true', 1),
	(895, '2019-03-30 05:53:07', 'HOMEPAGE :  user => root( id = 1) ; result => true', 1),
	(896, '2019-03-30 05:53:09', 'HOMEPAGE :  user => root( id = 1) ; result => true', 1),
	(897, '2019-03-30 05:53:13', 'HOMEPAGE :  user => root( id = 1) ; result => true', 1),
	(898, '2019-03-30 05:53:16', 'HOMEPAGE :  user => root( id = 1) ; result => true', 1),
	(899, '2019-03-30 05:56:43', 'HOMEPAGE :  user => root( id = 1) ; result => true', 1),
	(900, '2019-03-30 06:05:53', 'HOMEPAGE :  user => root( id = 1) ; result => true', 1),
	(901, '2019-03-30 06:05:55', 'HOMEPAGE :  user => root( id = 1) ; result => true', 1),
	(902, '2019-03-30 06:05:57', 'HOMEPAGE :  user => root( id = 1) ; result => true', 1),
	(903, '2019-03-30 06:38:27', 'HOMEPAGE :  user => root( id = 1) ; result => true', 1),
	(904, '2019-03-30 06:38:28', 'HOMEPAGE :  user => root( id = 1) ; result => true', 1),
	(905, '0000-00-00 00:00:00', 'true', 1),
	(906, '2019-03-30 15:19:48', 'HOMEPAGE :  user => root( id = 1) ; result => true', 1),
	(907, '2019-03-30 15:19:50', 'HOMEPAGE :  user => root( id = 1) ; result => true', 1),
	(908, '2019-03-30 15:26:42', 'HOMEPAGE :  user => root( id = 1) ; result => true', 1),
	(909, '2019-03-30 16:31:25', 'HOMEPAGE :  user => root( id = 1) ; result => true', 1),
	(910, '2019-03-30 16:33:02', 'HOMEPAGE :  user => root( id = 1) ; result => true', 1),
	(911, '2019-03-30 16:33:13', 'HOMEPAGE :  user => root( id = 1) ; result => true', 1),
	(912, '2019-03-30 16:33:27', 'HOMEPAGE :  user => root( id = 1) ; result => true', 1),
	(913, '2019-03-30 16:34:24', 'HOMEPAGE :  user => root( id = 1) ; result => true', 1),
	(914, '2019-03-30 16:34:49', 'HOMEPAGE :  user => root( id = 1) ; result => true', 1),
	(915, '2019-03-30 16:35:34', 'HOMEPAGE :  user => root( id = 1) ; result => true', 1),
	(916, '2019-03-30 16:38:30', 'HOMEPAGE :  user => root( id = 1) ; result => true', 1),
	(917, '2019-03-30 16:43:23', 'HOMEPAGE :  user => root( id = 1) ; result => true', 1),
	(918, '2019-03-30 16:43:26', 'HOMEPAGE :  user => root( id = 1) ; result => true', 1),
	(919, '2019-03-30 16:43:27', 'HOMEPAGE :  user => root( id = 1) ; result => true', 1),
	(920, '2019-03-30 16:44:01', 'HOMEPAGE :  user => root( id = 1) ; result => true', 1),
	(921, '2019-03-30 16:44:22', 'HOMEPAGE :  user => root( id = 1) ; result => true', 1),
	(922, '2019-03-30 16:47:30', 'HOMEPAGE :  user => root( id = 1) ; result => true', 1),
	(923, '2019-03-30 16:47:35', 'HOMEPAGE :  user => root( id = 1) ; result => true', 1),
	(924, '2019-03-30 16:47:58', 'HOMEPAGE :  user => root( id = 1) ; result => true', 1),
	(925, '0000-00-00 00:00:00', 'true', 1),
	(926, '2019-03-30 16:49:16', 'HOMEPAGE :  user => root( id = 1) ; result => true', 1),
	(927, '2019-03-30 16:49:19', 'HOMEPAGE :  user => root( id = 1) ; result => true', 1),
	(928, '2019-03-30 16:49:21', 'HOMEPAGE :  user => root( id = 1) ; result => true', 1),
	(929, '2019-03-30 17:04:22', 'HOMEPAGE :  user => root( id = 1) ; result => true', 1),
	(930, '0000-00-00 00:00:00', 'true', 1),
	(931, '2019-03-30 21:26:12', 'HOMEPAGE :  user => root( id = 1) ; result => true', 1),
	(932, '2019-03-30 21:26:26', 'HOMEPAGE :  user => root( id = 1) ; result => true', 1),
	(933, '2019-03-30 21:26:44', 'HOMEPAGE :  user => root( id = 1) ; result => true', 1),
	(934, '2019-03-30 21:29:30', 'HOMEPAGE :  user => root( id = 1) ; result => true', 1),
	(935, '2019-03-30 22:38:23', 'HOMEPAGE :  user => root( id = 1) ; result => true', 1),
	(936, '2019-03-30 22:39:39', 'HOMEPAGE :  user => root( id = 1) ; result => true', 1),
	(937, '2019-03-30 22:39:43', 'HOMEPAGE :  user => root( id = 1) ; result => true', 1),
	(938, '2019-03-30 22:47:32', 'HOMEPAGE :  user => root( id = 1) ; result => true', 1),
	(939, '2019-03-30 22:48:05', 'HOMEPAGE :  user => root( id = 1) ; result => true', 1),
	(940, '2019-03-30 22:48:08', 'HOMEPAGE :  user => root( id = 1) ; result => true', 1),
	(941, '2019-03-30 22:48:10', 'HOMEPAGE :  user => root( id = 1) ; result => true', 1),
	(942, '2019-03-30 22:50:21', 'HOMEPAGE :  user => root( id = 1) ; result => true', 1),
	(943, '2019-03-30 22:50:24', 'HOMEPAGE :  user => root( id = 1) ; result => true', 1),
	(944, '2019-03-30 22:50:28', 'HOMEPAGE :  user => root( id = 1) ; result => true', 1),
	(945, '2019-03-30 22:53:34', 'HOMEPAGE :  user => root( id = 1) ; result => true', 1),
	(946, '2019-03-30 22:53:46', 'HOMEPAGE :  user => root( id = 1) ; result => true', 1),
	(947, '2019-03-30 23:00:07', 'HOMEPAGE :  user => root( id = 1) ; result => true', 1),
	(948, '2019-03-30 23:00:09', 'HOMEPAGE :  user => root( id = 1) ; result => true', 1),
	(949, '2019-03-30 23:06:02', 'HOMEPAGE :  user => root( id = 1) ; result => true', 1),
	(950, '2019-03-30 23:06:34', 'HOMEPAGE :  user => root( id = 1) ; result => true', 1),
	(951, '2019-03-30 23:09:34', 'HOMEPAGE :  user => root( id = 1) ; result => true', 1),
	(952, '2019-03-30 23:09:37', 'HOMEPAGE :  user => root( id = 1) ; result => true', 1),
	(953, '2019-03-30 23:10:30', 'HOMEPAGE :  user => root( id = 1) ; result => true', 1),
	(954, '2019-03-30 23:10:34', 'HOMEPAGE :  user => root( id = 1) ; result => true', 1),
	(955, '2019-03-30 23:11:44', 'HOMEPAGE :  user => root( id = 1) ; result => true', 1),
	(956, '2019-03-30 23:11:55', 'HOMEPAGE :  user => root( id = 1) ; result => true', 1),
	(957, '2019-03-30 23:12:19', 'HOMEPAGE :  user => root( id = 1) ; result => true', 1),
	(958, '2019-03-30 23:13:15', 'HOMEPAGE :  user => root( id = 1) ; result => true', 1),
	(959, '2019-03-30 23:13:46', 'HOMEPAGE :  user => root( id = 1) ; result => true', 1),
	(960, '2019-03-30 23:14:52', 'HOMEPAGE :  user => root( id = 1) ; result => true', 1),
	(961, '2019-03-30 23:14:54', 'HOMEPAGE :  user => root( id = 1) ; result => true', 1),
	(962, '2019-03-30 23:14:58', 'HOMEPAGE :  user => root( id = 1) ; result => true', 1),
	(963, '2019-03-30 23:15:11', 'HOMEPAGE :  user => root( id = 1) ; result => true', 1),
	(964, '2019-03-30 23:15:13', 'HOMEPAGE :  user => root( id = 1) ; result => true', 1),
	(965, '2019-03-30 23:15:23', 'HOMEPAGE :  user => root( id = 1) ; result => true', 1),
	(966, '2019-03-30 23:15:25', 'HOMEPAGE :  user => root( id = 1) ; result => true', 1),
	(967, '2019-03-30 23:15:34', 'HOMEPAGE :  user => root( id = 1) ; result => true', 1),
	(968, '2019-03-30 23:15:44', 'HOMEPAGE :  user => root( id = 1) ; result => true', 1),
	(969, '2019-03-30 23:15:51', 'HOMEPAGE :  user => root( id = 1) ; result => true', 1),
	(970, '2019-03-30 23:16:00', 'HOMEPAGE :  user => root( id = 1) ; result => true', 1),
	(971, '2019-03-30 23:16:05', 'HOMEPAGE :  user => root( id = 1) ; result => true', 1),
	(972, '2019-03-30 23:16:10', 'HOMEPAGE :  user => root( id = 1) ; result => true', 1),
	(973, '2019-03-30 23:16:23', 'HOMEPAGE :  user => root( id = 1) ; result => true', 1),
	(974, '2019-03-30 23:16:58', 'HOMEPAGE :  user => root( id = 1) ; result => true', 1),
	(975, '2019-03-30 23:17:01', 'HOMEPAGE :  user => root( id = 1) ; result => true', 1),
	(976, '2019-03-30 23:17:51', 'HOMEPAGE :  user => root( id = 1) ; result => true', 1),
	(977, '2019-03-30 23:17:57', 'HOMEPAGE :  user => root( id = 1) ; result => true', 1),
	(978, '2019-03-30 23:18:10', 'HOMEPAGE :  user => root( id = 1) ; result => true', 1),
	(979, '2019-03-30 23:20:09', 'HOMEPAGE :  user => root( id = 1) ; result => true', 1),
	(980, '2019-03-30 23:20:13', 'HOMEPAGE :  user => root( id = 1) ; result => true', 1),
	(981, '2019-03-30 23:20:15', 'HOMEPAGE :  user => root( id = 1) ; result => true', 1),
	(982, '2019-03-30 23:22:29', 'HOMEPAGE :  user => root( id = 1) ; result => true', 1),
	(983, '2019-03-30 23:25:31', 'HOMEPAGE :  user => root( id = 1) ; result => true', 1),
	(984, '2019-03-30 23:25:34', 'HOMEPAGE :  user => root( id = 1) ; result => true', 1),
	(985, '2019-03-30 23:26:22', 'HOMEPAGE :  user => root( id = 1) ; result => true', 1),
	(986, '2019-03-30 23:28:07', 'HOMEPAGE :  user => root( id = 1) ; result => true', 1),
	(987, '2019-03-30 23:28:09', 'HOMEPAGE :  user => root( id = 1) ; result => true', 1),
	(988, '2019-03-30 23:28:40', 'HOMEPAGE :  user => root( id = 1) ; result => true', 1),
	(989, '2019-03-30 23:28:42', 'HOMEPAGE :  user => root( id = 1) ; result => true', 1),
	(990, '2019-03-30 23:31:54', 'HOMEPAGE :  user => root( id = 1) ; result => true', 1),
	(991, '2019-03-30 23:31:56', 'HOMEPAGE :  user => root( id = 1) ; result => true', 1),
	(992, '2019-03-30 23:32:01', 'HOMEPAGE :  user => root( id = 1) ; result => true', 1),
	(993, '2019-03-30 23:32:07', 'HOMEPAGE :  user => root( id = 1) ; result => true', 1),
	(994, '2019-03-30 23:32:09', 'HOMEPAGE :  user => root( id = 1) ; result => true', 1),
	(995, '2019-03-30 23:32:10', 'HOMEPAGE :  user => root( id = 1) ; result => true', 1),
	(996, '2019-03-30 23:32:14', 'HOMEPAGE :  user => root( id = 1) ; result => true', 1),
	(997, '2019-03-30 23:35:27', 'HOMEPAGE :  user => root( id = 1) ; result => true', 1),
	(998, '2019-03-30 23:35:29', 'HOMEPAGE :  user => root( id = 1) ; result => true', 1),
	(999, '2019-03-30 23:36:52', 'HOMEPAGE :  user => root( id = 1) ; result => true', 1),
	(1000, '2019-03-30 23:37:39', 'HOMEPAGE :  user => root( id = 1) ; result => true', 1),
	(1001, '2019-03-30 23:38:07', 'HOMEPAGE :  user => root( id = 1) ; result => true', 1),
	(1002, '2019-03-30 23:39:02', 'HOMEPAGE :  user => root( id = 1) ; result => true', 1),
	(1003, '2019-03-30 23:39:05', 'HOMEPAGE :  user => root( id = 1) ; result => true', 1),
	(1004, '2019-03-30 23:45:41', 'HOMEPAGE :  user => root( id = 1) ; result => true', 1),
	(1005, '2019-03-30 23:45:45', 'HOMEPAGE :  user => root( id = 1) ; result => true', 1),
	(1006, '2019-03-30 23:45:51', 'HOMEPAGE :  user => root( id = 1) ; result => true', 1),
	(1007, '2019-03-30 23:46:11', 'HOMEPAGE :  user => root( id = 1) ; result => true', 1),
	(1008, '2019-03-30 23:50:17', 'HOMEPAGE :  user => root( id = 1) ; result => true', 1),
	(1009, '2019-03-30 23:50:22', 'HOMEPAGE :  user => root( id = 1) ; result => true', 1),
	(1010, '2019-03-30 23:54:17', 'HOMEPAGE :  user => root( id = 1) ; result => true', 1),
	(1011, '2019-03-30 23:54:20', 'HOMEPAGE :  user => root( id = 1) ; result => true', 1),
	(1012, '2019-03-30 23:54:26', 'HOMEPAGE :  user => root( id = 1) ; result => true', 1),
	(1013, '2019-03-30 23:57:03', 'HOMEPAGE :  user => root( id = 1) ; result => true', 1),
	(1014, '2019-03-30 23:57:06', 'HOMEPAGE :  user => root( id = 1) ; result => true', 1),
	(1015, '2019-03-30 23:59:04', 'HOMEPAGE :  user => root( id = 1) ; result => true', 1),
	(1016, '2019-03-30 23:59:07', 'HOMEPAGE :  user => root( id = 1) ; result => true', 1),
	(1017, '2019-03-30 23:59:12', 'HOMEPAGE :  user => root( id = 1) ; result => true', 1),
	(1018, '2019-03-31 00:01:42', 'access ADMIN : VIEW user => root( id = 1) ', 1),
	(1019, '2019-03-31 00:03:09', 'HOMEPAGE :  user => root( id = 1) ; result => true', 1),
	(1020, '2019-03-31 01:12:29', 'HOMEPAGE :  user => root( id = 1) ; result => true', 1),
	(1021, '2019-03-31 01:12:31', 'HOMEPAGE :  user => root( id = 1) ; result => true', 1),
	(1022, '2019-03-31 01:12:32', 'HOMEPAGE :  user => root( id = 1) ; result => true', 1),
	(1023, '2019-03-31 01:12:40', 'HOMEPAGE :  user => root( id = 1) ; result => true', 1),
	(1024, '2019-03-31 01:12:48', 'HOMEPAGE :  user => root( id = 1) ; result => true', 1),
	(1025, '2019-03-31 01:12:51', 'HOMEPAGE :  user => root( id = 1) ; result => true', 1),
	(1026, '2019-03-31 01:12:55', 'HOMEPAGE :  user => root( id = 1) ; result => true', 1),
	(1027, '2019-03-31 01:13:01', 'HOMEPAGE :  user => root( id = 1) ; result => true', 1),
	(1028, '0000-00-00 00:00:00', 'true', 1),
	(1029, '2019-03-31 08:34:58', 'HOMEPAGE :  user => root( id = 1) ; result => true', 1),
	(1030, '2019-03-31 08:35:00', 'HOMEPAGE :  user => root( id = 1) ; result => true', 1),
	(1031, '2019-03-31 08:35:03', 'HOMEPAGE :  user => root( id = 1) ; result => true', 1),
	(1032, '2019-03-31 08:35:37', 'HOMEPAGE :  user => root( id = 1) ; result => true', 1),
	(1033, '2019-03-31 08:35:54', 'HOMEPAGE :  user => root( id = 1) ; result => true', 1),
	(1034, '2019-03-31 08:37:27', 'HOMEPAGE :  user => root( id = 1) ; result => true', 1),
	(1035, '2019-03-31 08:37:52', 'HOMEPAGE :  user => root( id = 1) ; result => true', 1),
	(1036, '2019-03-31 08:47:08', 'access ADMIN : VIEW user => root( id = 1) ', 1),
	(1037, '2019-03-31 10:36:16', 'access ADMIN : VIEW user => root( id = 1) ', 1),
	(1038, '2019-03-31 10:36:18', 'HOMEPAGE :  user => root( id = 1) ; result => true', 1),
	(1039, '2019-03-31 10:36:20', 'HOMEPAGE :  user => root( id = 1) ; result => true', 1),
	(1040, '2019-03-31 10:36:24', 'HOMEPAGE :  user => root( id = 1) ; result => true', 1),
	(1041, '0000-00-00 00:00:00', 'true', 1),
	(1042, '2019-04-01 05:18:45', 'HOMEPAGE :  user => root( id = 1) ; result => true', 1),
	(1043, '0000-00-00 00:00:00', 'true', 1),
	(1044, '2019-04-02 14:17:47', 'HOMEPAGE :  user => root( id = 1) ; result => true', 1),
	(1045, '2019-04-02 14:17:48', 'HOMEPAGE :  user => root( id = 1) ; result => true', 1),
	(1046, '2019-04-02 14:22:00', 'HOMEPAGE :  user => root( id = 1) ; result => true', 1),
	(1047, '2019-04-02 14:22:01', 'HOMEPAGE :  user => root( id = 1) ; result => true', 1),
	(1048, '2019-04-02 14:22:03', 'HOMEPAGE :  user => root( id = 1) ; result => true', 1),
	(1049, '2019-04-02 14:22:04', 'HOMEPAGE :  user => root( id = 1) ; result => true', 1),
	(1050, '2019-04-02 14:22:04', 'HOMEPAGE :  user => root( id = 1) ; result => true', 1),
	(1051, '2019-04-02 14:22:05', 'HOMEPAGE :  user => root( id = 1) ; result => true', 1),
	(1052, '2019-04-02 14:22:06', 'HOMEPAGE :  user => root( id = 1) ; result => true', 1),
	(1053, '2019-04-02 14:22:07', 'HOMEPAGE :  user => root( id = 1) ; result => true', 1),
	(1054, '2019-04-02 14:22:08', 'HOMEPAGE :  user => root( id = 1) ; result => true', 1),
	(1055, '2019-04-02 14:22:08', 'HOMEPAGE :  user => root( id = 1) ; result => true', 1),
	(1056, '2019-04-02 14:22:12', 'HOMEPAGE :  user => root( id = 1) ; result => true', 1),
	(1057, '2019-04-02 14:22:17', 'HOMEPAGE :  user => root( id = 1) ; result => true', 1),
	(1058, '2019-04-02 14:22:38', 'HOMEPAGE :  user => root( id = 1) ; result => true', 1),
	(1059, '2019-04-02 14:22:53', 'HOMEPAGE :  user => root( id = 1) ; result => true', 1),
	(1060, '2019-04-02 14:24:18', 'HOMEPAGE :  user => root( id = 1) ; result => true', 1),
	(1061, '0000-00-00 00:00:00', 'true', 1),
	(1062, '2019-04-03 03:09:15', 'HOMEPAGE :  user => root( id = 1) ; result => true', 1),
	(1063, '2019-04-03 03:09:31', 'HOMEPAGE :  user => root( id = 1) ; result => true', 1),
	(1064, '2019-04-03 03:09:36', 'HOMEPAGE :  user => root( id = 1) ; result => true', 1),
	(1065, '2019-04-03 03:09:37', 'HOMEPAGE :  user => root( id = 1) ; result => true', 1),
	(1066, '2019-04-03 03:09:38', 'HOMEPAGE :  user => root( id = 1) ; result => true', 1),
	(1067, '2019-04-03 03:09:39', 'HOMEPAGE :  user => root( id = 1) ; result => true', 1),
	(1068, '2019-04-03 03:09:41', 'HOMEPAGE :  user => root( id = 1) ; result => true', 1),
	(1069, '2019-04-03 03:10:13', 'HOMEPAGE :  user => root( id = 1) ; result => true', 1),
	(1070, '2019-04-03 03:10:18', 'HOMEPAGE :  user => root( id = 1) ; result => true', 1),
	(1071, '2019-04-03 03:10:29', 'HOMEPAGE :  user => root( id = 1) ; result => true', 1),
	(1072, '2019-04-03 03:10:32', 'HOMEPAGE :  user => root( id = 1) ; result => true', 1),
	(1073, '2019-04-03 03:10:42', 'HOMEPAGE :  user => root( id = 1) ; result => true', 1),
	(1074, '2019-04-03 03:11:34', 'HOMEPAGE :  user => root( id = 1) ; result => true', 1),
	(1075, '0000-00-00 00:00:00', 'true', 1),
	(1076, '2019-04-03 12:56:04', 'HOMEPAGE :  user => root( id = 1) ; result => true', 1),
	(1077, '2019-04-03 12:56:20', 'HOMEPAGE :  user => root( id = 1) ; result => true', 1),
	(1078, '2019-04-03 13:01:31', 'HOMEPAGE :  user => root( id = 1) ; result => true', 1),
	(1079, '2019-04-03 13:01:48', 'HOMEPAGE :  user => root( id = 1) ; result => true', 1),
	(1080, '2019-04-03 13:02:13', 'HOMEPAGE :  user => root( id = 1) ; result => true', 1),
	(1081, '2019-04-03 13:02:55', 'HOMEPAGE :  user => root( id = 1) ; result => true', 1),
	(1082, '2019-04-03 13:03:58', 'HOMEPAGE :  user => root( id = 1) ; result => true', 1),
	(1083, '2019-04-03 13:04:06', 'HOMEPAGE :  user => root( id = 1) ; result => true', 1),
	(1084, '2019-04-03 13:05:18', 'HOMEPAGE :  user => root( id = 1) ; result => true', 1),
	(1085, '2019-04-03 13:05:20', 'HOMEPAGE :  user => root( id = 1) ; result => true', 1),
	(1086, '2019-04-03 13:05:28', 'HOMEPAGE :  user => root( id = 1) ; result => true', 1),
	(1087, '2019-04-03 13:07:12', 'HOMEPAGE :  user => root( id = 1) ; result => true', 1),
	(1088, '2019-04-03 13:07:22', 'HOMEPAGE :  user => root( id = 1) ; result => true', 1),
	(1089, '2019-04-03 13:07:24', 'HOMEPAGE :  user => root( id = 1) ; result => true', 1),
	(1090, '2019-04-03 13:07:25', 'HOMEPAGE :  user => root( id = 1) ; result => true', 1),
	(1091, '2019-04-03 13:07:26', 'HOMEPAGE :  user => root( id = 1) ; result => true', 1),
	(1092, '2019-04-03 13:07:27', 'HOMEPAGE :  user => root( id = 1) ; result => true', 1),
	(1093, '2019-04-03 13:07:28', 'HOMEPAGE :  user => root( id = 1) ; result => true', 1),
	(1094, '2019-04-03 13:07:29', 'HOMEPAGE :  user => root( id = 1) ; result => true', 1),
	(1095, '2019-04-03 13:07:29', 'HOMEPAGE :  user => root( id = 1) ; result => true', 1),
	(1096, '2019-04-03 13:07:30', 'HOMEPAGE :  user => root( id = 1) ; result => true', 1),
	(1097, '2019-04-03 13:07:33', 'HOMEPAGE :  user => root( id = 1) ; result => true', 1),
	(1098, '0000-00-00 00:00:00', 'true', 1),
	(1099, '2019-04-03 17:28:36', 'HOMEPAGE :  user => root( id = 1) ; result => true', 1),
	(1100, '2019-04-03 17:28:43', 'HOMEPAGE :  user => root( id = 1) ; result => true', 1),
	(1101, '2019-04-03 17:28:51', 'access ADMIN : VIEW user => root( id = 1) ', 1),
	(1102, '2019-04-03 17:28:55', 'DELETE USER (1554289281) BY ():  user => root( id = 1) ; result => true', 1),
	(1103, '2019-04-03 17:28:55', 'access ADMIN : VIEW user => root( id = 1) ', 1),
	(1104, '2019-04-03 17:28:59', 'DELETE USER (1553986613) BY ():  user => root( id = 1) ; result => true', 1),
	(1105, '2019-04-03 17:28:59', 'access ADMIN : VIEW user => root( id = 1) ', 1),
	(1106, '2019-04-03 17:29:05', 'HOMEPAGE :  user => root( id = 1) ; result => true', 1),
	(1107, '2019-04-03 17:29:17', 'HOMEPAGE :  user => root( id = 1) ; result => true', 1),
	(1108, '2019-04-03 17:29:20', 'HOMEPAGE :  user => root( id = 1) ; result => true', 1),
	(1109, '2019-04-03 17:30:05', 'HOMEPAGE :  user => root( id = 1) ; result => true', 1),
	(1110, '2019-04-03 17:31:26', 'HOMEPAGE :  user => root( id = 1) ; result => true', 1),
	(1111, '2019-04-03 17:31:28', 'HOMEPAGE :  user => root( id = 1) ; result => true', 1),
	(1112, '2019-04-03 17:31:29', 'HOMEPAGE :  user => root( id = 1) ; result => true', 1),
	(1113, '2019-04-03 17:31:30', 'HOMEPAGE :  user => root( id = 1) ; result => true', 1),
	(1114, '2019-04-03 17:31:31', 'HOMEPAGE :  user => root( id = 1) ; result => true', 1),
	(1115, '2019-04-03 17:31:35', 'access ADMIN : VIEW user => root( id = 1) ', 1),
	(1116, '2019-04-03 17:31:40', 'HOMEPAGE :  user => root( id = 1) ; result => true', 1),
	(1117, '2019-04-03 17:31:51', 'HOMEPAGE :  user => root( id = 1) ; result => true', 1),
	(1118, '2019-04-03 17:33:26', 'HOMEPAGE :  user => root( id = 1) ; result => true', 1),
	(1119, '2019-04-03 17:33:28', 'HOMEPAGE :  user => root( id = 1) ; result => true', 1),
	(1120, '2019-04-03 17:33:37', 'HOMEPAGE :  user => root( id = 1) ; result => true', 1),
	(1121, '2019-04-03 17:33:51', 'HOMEPAGE :  user => root( id = 1) ; result => true', 1),
	(1122, '2019-04-03 17:33:53', 'HOMEPAGE :  user => root( id = 1) ; result => true', 1),
	(1123, '2019-04-03 17:34:11', 'HOMEPAGE :  user => root( id = 1) ; result => true', 1),
	(1124, '2019-04-03 17:34:14', 'HOMEPAGE :  user => root( id = 1) ; result => true', 1),
	(1125, '2019-04-03 17:34:16', 'HOMEPAGE :  user => root( id = 1) ; result => true', 1),
	(1126, '2019-04-03 17:34:17', 'HOMEPAGE :  user => root( id = 1) ; result => true', 1),
	(1127, '2019-04-03 17:34:24', 'HOMEPAGE :  user => root( id = 1) ; result => true', 1),
	(1128, '2019-04-03 17:35:36', 'HOMEPAGE :  user => root( id = 1) ; result => true', 1),
	(1129, '2019-04-03 17:35:58', 'HOMEPAGE :  user => root( id = 1) ; result => true', 1),
	(1130, '2019-04-03 17:36:28', 'HOMEPAGE :  user => root( id = 1) ; result => true', 1),
	(1131, '2019-04-03 17:36:49', 'HOMEPAGE :  user => root( id = 1) ; result => true', 1),
	(1132, '2019-04-03 17:36:55', 'HOMEPAGE :  user => root( id = 1) ; result => true', 1),
	(1133, '2019-04-03 17:36:57', 'HOMEPAGE :  user => root( id = 1) ; result => true', 1),
	(1134, '2019-04-03 17:54:51', 'HOMEPAGE :  user => root( id = 1) ; result => true', 1),
	(1135, '2019-04-03 17:59:48', 'HOMEPAGE :  user => root( id = 1) ; result => true', 1),
	(1136, '2019-04-03 17:59:59', 'HOMEPAGE :  user => root( id = 1) ; result => true', 1),
	(1137, '2019-04-03 18:00:05', 'HOMEPAGE :  user => root( id = 1) ; result => true', 1),
	(1138, '2019-04-03 18:00:11', 'HOMEPAGE :  user => root( id = 1) ; result => true', 1),
	(1139, '2019-04-03 18:02:09', 'HOMEPAGE :  user => root( id = 1) ; result => true', 1),
	(1140, '2019-04-03 18:02:16', 'HOMEPAGE :  user => root( id = 1) ; result => true', 1),
	(1141, '2019-04-03 18:02:20', 'HOMEPAGE :  user => root( id = 1) ; result => true', 1),
	(1142, '2019-04-03 18:02:22', 'HOMEPAGE :  user => root( id = 1) ; result => true', 1),
	(1143, '2019-04-03 18:02:25', 'HOMEPAGE :  user => root( id = 1) ; result => true', 1),
	(1144, '2019-04-03 18:02:29', 'HOMEPAGE :  user => root( id = 1) ; result => true', 1),
	(1145, '2019-04-03 18:02:34', 'HOMEPAGE :  user => root( id = 1) ; result => true', 1),
	(1146, '2019-04-03 18:03:10', 'HOMEPAGE :  user => root( id = 1) ; result => true', 1),
	(1147, '2019-04-03 18:03:11', 'HOMEPAGE :  user => root( id = 1) ; result => true', 1),
	(1148, '2019-04-03 18:03:16', 'HOMEPAGE :  user => root( id = 1) ; result => true', 1),
	(1149, '2019-04-03 18:03:41', 'HOMEPAGE :  user => root( id = 1) ; result => true', 1),
	(1150, '2019-04-03 18:03:43', 'HOMEPAGE :  user => root( id = 1) ; result => true', 1),
	(1151, '2019-04-03 18:04:58', 'HOMEPAGE :  user => root( id = 1) ; result => true', 1),
	(1152, '2019-04-03 18:05:01', 'HOMEPAGE :  user => root( id = 1) ; result => true', 1),
	(1153, '2019-04-03 18:05:05', 'HOMEPAGE :  user => root( id = 1) ; result => true', 1),
	(1154, '2019-04-03 18:05:09', 'HOMEPAGE :  user => root( id = 1) ; result => true', 1),
	(1155, '2019-04-03 18:05:28', 'HOMEPAGE :  user => root( id = 1) ; result => true', 1),
	(1156, '2019-04-03 18:05:30', 'HOMEPAGE :  user => root( id = 1) ; result => true', 1),
	(1157, '2019-04-03 18:05:48', 'HOMEPAGE :  user => root( id = 1) ; result => true', 1),
	(1158, '2019-04-03 18:07:00', 'HOMEPAGE :  user => root( id = 1) ; result => true', 1),
	(1159, '2019-04-03 18:10:25', 'HOMEPAGE :  user => root( id = 1) ; result => true', 1),
	(1160, '2019-04-03 18:10:31', 'HOMEPAGE :  user => root( id = 1) ; result => true', 1),
	(1161, '2019-04-03 18:16:01', 'HOMEPAGE :  user => root( id = 1) ; result => true', 1),
	(1162, '2019-04-03 18:16:03', 'HOMEPAGE :  user => root( id = 1) ; result => true', 1),
	(1163, '2019-04-03 18:16:48', 'HOMEPAGE :  user => root( id = 1) ; result => true', 1),
	(1164, '2019-04-03 18:16:52', 'HOMEPAGE :  user => root( id = 1) ; result => true', 1),
	(1165, '2019-04-03 18:18:10', 'HOMEPAGE :  user => root( id = 1) ; result => true', 1),
	(1166, '2019-04-03 18:18:12', 'HOMEPAGE :  user => root( id = 1) ; result => true', 1),
	(1167, '2019-04-03 18:18:19', 'HOMEPAGE :  user => root( id = 1) ; result => true', 1),
	(1168, '2019-04-03 18:18:28', 'HOMEPAGE :  user => root( id = 1) ; result => true', 1),
	(1169, '2019-04-03 18:19:40', 'HOMEPAGE :  user => root( id = 1) ; result => true', 1),
	(1170, '2019-04-03 18:20:45', 'HOMEPAGE :  user => root( id = 1) ; result => true', 1),
	(1171, '2019-04-03 18:20:47', 'HOMEPAGE :  user => root( id = 1) ; result => true', 1),
	(1172, '2019-04-03 18:20:48', 'HOMEPAGE :  user => root( id = 1) ; result => true', 1),
	(1173, '2019-04-03 18:22:00', 'HOMEPAGE :  user => root( id = 1) ; result => true', 1),
	(1174, '2019-04-03 18:22:03', 'HOMEPAGE :  user => root( id = 1) ; result => true', 1),
	(1175, '2019-04-03 18:22:07', 'HOMEPAGE :  user => root( id = 1) ; result => true', 1),
	(1176, '2019-04-03 18:26:21', 'HOMEPAGE :  user => root( id = 1) ; result => true', 1),
	(1177, '2019-04-03 18:26:25', 'HOMEPAGE :  user => root( id = 1) ; result => true', 1),
	(1178, '2019-04-03 18:27:11', 'HOMEPAGE :  user => root( id = 1) ; result => true', 1),
	(1179, '2019-04-03 18:27:14', 'HOMEPAGE :  user => root( id = 1) ; result => true', 1),
	(1180, '2019-04-03 18:31:48', 'HOMEPAGE :  user => root( id = 1) ; result => true', 1),
	(1181, '2019-04-03 18:31:52', 'HOMEPAGE :  user => root( id = 1) ; result => true', 1),
	(1182, '2019-04-03 18:31:57', 'HOMEPAGE :  user => root( id = 1) ; result => true', 1),
	(1183, '2019-04-03 18:32:15', 'HOMEPAGE :  user => root( id = 1) ; result => true', 1),
	(1184, '2019-04-03 18:32:55', 'HOMEPAGE :  user => root( id = 1) ; result => true', 1),
	(1185, '2019-04-03 18:32:57', 'HOMEPAGE :  user => root( id = 1) ; result => true', 1),
	(1186, '2019-04-03 18:32:59', 'HOMEPAGE :  user => root( id = 1) ; result => true', 1),
	(1187, '2019-04-03 18:33:03', 'HOMEPAGE :  user => root( id = 1) ; result => true', 1),
	(1188, '2019-04-03 18:34:12', 'HOMEPAGE :  user => root( id = 1) ; result => true', 1),
	(1189, '2019-04-03 18:37:04', 'HOMEPAGE :  user => root( id = 1) ; result => true', 1),
	(1190, '2019-04-03 18:37:06', 'HOMEPAGE :  user => root( id = 1) ; result => true', 1),
	(1191, '2019-04-03 18:39:10', 'HOMEPAGE :  user => root( id = 1) ; result => true', 1),
	(1192, '2019-04-03 18:39:12', 'HOMEPAGE :  user => root( id = 1) ; result => true', 1),
	(1193, '2019-04-03 18:43:33', 'HOMEPAGE :  user => root( id = 1) ; result => true', 1),
	(1194, '0000-00-00 00:00:00', 'true', 1),
	(1195, '2019-04-04 01:29:32', 'HOMEPAGE :  user => root( id = 1) ; result => true', 1),
	(1196, '2019-04-04 01:29:37', 'HOMEPAGE :  user => root( id = 1) ; result => true', 1),
	(1197, '2019-04-04 01:29:44', 'HOMEPAGE :  user => root( id = 1) ; result => true', 1),
	(1198, '2019-04-04 01:31:46', 'HOMEPAGE :  user => root( id = 1) ; result => true', 1),
	(1199, '2019-04-04 01:31:48', 'HOMEPAGE :  user => root( id = 1) ; result => true', 1),
	(1200, '2019-04-04 01:32:59', 'HOMEPAGE :  user => root( id = 1) ; result => true', 1),
	(1201, '2019-04-04 01:33:10', 'HOMEPAGE :  user => root( id = 1) ; result => true', 1),
	(1202, '2019-04-04 01:33:18', 'HOMEPAGE :  user => root( id = 1) ; result => true', 1),
	(1203, '2019-04-04 01:33:44', 'HOMEPAGE :  user => root( id = 1) ; result => true', 1),
	(1204, '2019-04-04 01:33:47', 'HOMEPAGE :  user => root( id = 1) ; result => true', 1),
	(1205, '2019-04-04 01:54:30', 'HOMEPAGE :  user => root( id = 1) ; result => true', 1),
	(1206, '2019-04-04 01:55:03', 'HOMEPAGE :  user => root( id = 1) ; result => true', 1),
	(1207, '2019-04-04 01:56:48', 'HOMEPAGE :  user => root( id = 1) ; result => true', 1),
	(1208, '2019-04-04 01:56:51', 'HOMEPAGE :  user => root( id = 1) ; result => true', 1),
	(1209, '2019-04-04 01:57:05', 'HOMEPAGE :  user => root( id = 1) ; result => true', 1),
	(1210, '2019-04-04 01:58:44', 'HOMEPAGE :  user => root( id = 1) ; result => true', 1),
	(1211, '2019-04-04 02:02:09', 'HOMEPAGE :  user => root( id = 1) ; result => true', 1),
	(1212, '2019-04-04 02:15:45', 'HOMEPAGE :  user => root( id = 1) ; result => true', 1),
	(1213, '2019-04-04 02:15:47', 'HOMEPAGE :  user => root( id = 1) ; result => true', 1),
	(1214, '0000-00-00 00:00:00', 'true', 1),
	(1215, '2019-04-04 04:28:26', 'HOMEPAGE :  user => root( id = 1) ; result => true', 1),
	(1216, '2019-04-04 04:28:30', 'HOMEPAGE :  user => root( id = 1) ; result => true', 1),
	(1217, '2019-04-04 04:28:33', 'HOMEPAGE :  user => root( id = 1) ; result => true', 1),
	(1218, '2019-04-04 04:36:08', 'HOMEPAGE :  user => root( id = 1) ; result => true', 1),
	(1219, '2019-04-04 04:36:10', 'HOMEPAGE :  user => root( id = 1) ; result => true', 1),
	(1220, '2019-04-04 04:36:13', 'HOMEPAGE :  user => root( id = 1) ; result => true', 1),
	(1221, '2019-04-04 04:36:16', 'HOMEPAGE :  user => root( id = 1) ; result => true', 1),
	(1222, '2019-04-04 04:36:18', 'HOMEPAGE :  user => root( id = 1) ; result => true', 1),
	(1223, '2019-04-04 05:00:59', 'HOMEPAGE :  user => root( id = 1) ; result => true', 1),
	(1224, '2019-04-04 05:19:44', 'HOMEPAGE :  user => root( id = 1) ; result => true', 1),
	(1225, '2019-04-04 05:19:53', 'HOMEPAGE :  user => root( id = 1) ; result => true', 1),
	(1226, '2019-04-04 05:19:57', 'HOMEPAGE :  user => root( id = 1) ; result => true', 1),
	(1227, '2019-04-04 05:20:10', 'HOMEPAGE :  user => root( id = 1) ; result => true', 1),
	(1228, '2019-04-04 05:20:12', 'HOMEPAGE :  user => root( id = 1) ; result => true', 1),
	(1229, '2019-04-04 05:21:26', 'HOMEPAGE :  user => root( id = 1) ; result => true', 1),
	(1230, '2019-04-04 05:27:02', 'access ADMIN : VIEW user => root( id = 1) ', 1),
	(1231, '2019-04-04 05:27:04', 'HOMEPAGE :  user => root( id = 1) ; result => true', 1),
	(1232, '2019-04-04 05:27:26', 'HOMEPAGE :  user => root( id = 1) ; result => true', 1),
	(1233, '2019-04-04 05:27:27', 'access ADMIN : VIEW user => root( id = 1) ', 1),
	(1234, '2019-04-04 05:27:55', 'access ADMIN : VIEW user => root( id = 1) ', 1),
	(1235, '2019-04-04 05:30:03', 'HOMEPAGE :  user => root( id = 1) ; result => true', 1),
	(1236, '2019-04-04 05:30:09', 'access ADMIN : VIEW user => root( id = 1) ', 1),
	(1237, '2019-04-04 05:37:05', 'HOMEPAGE :  user => root( id = 1) ; result => true', 1),
	(1238, '2019-04-04 05:37:20', 'HOMEPAGE :  user => root( id = 1) ; result => true', 1),
	(1239, '2019-04-04 05:37:23', 'HOMEPAGE :  user => root( id = 1) ; result => true', 1),
	(1240, '2019-04-04 05:37:31', 'HOMEPAGE :  user => root( id = 1) ; result => true', 1),
	(1241, '2019-04-04 05:37:33', 'HOMEPAGE :  user => root( id = 1) ; result => true', 1),
	(1242, '2019-04-04 05:37:43', 'HOMEPAGE :  user => root( id = 1) ; result => true', 1),
	(1243, '2019-04-04 05:37:47', 'HOMEPAGE :  user => root( id = 1) ; result => true', 1),
	(1244, '2019-04-04 05:37:49', 'HOMEPAGE :  user => root( id = 1) ; result => true', 1),
	(1245, '2019-04-04 05:37:55', 'HOMEPAGE :  user => root( id = 1) ; result => true', 1),
	(1246, '2019-04-04 05:39:02', 'HOMEPAGE :  user => root( id = 1) ; result => true', 1),
	(1247, '2019-04-04 05:39:14', 'HOMEPAGE :  user => root( id = 1) ; result => true', 1),
	(1248, '2019-04-04 05:39:31', 'HOMEPAGE :  user => root( id = 1) ; result => true', 1),
	(1249, '2019-04-04 05:42:56', 'HOMEPAGE :  user => root( id = 1) ; result => true', 1),
	(1250, '2019-04-04 05:43:05', 'HOMEPAGE :  user => root( id = 1) ; result => true', 1),
	(1251, '2019-04-04 05:43:07', 'HOMEPAGE :  user => root( id = 1) ; result => true', 1),
	(1252, '2019-04-04 05:43:10', 'HOMEPAGE :  user => root( id = 1) ; result => true', 1),
	(1253, '2019-04-04 05:43:28', 'HOMEPAGE :  user => root( id = 1) ; result => true', 1),
	(1254, '2019-04-04 05:43:42', 'HOMEPAGE :  user => root( id = 1) ; result => true', 1),
	(1255, '2019-04-04 05:43:43', 'HOMEPAGE :  user => root( id = 1) ; result => true', 1),
	(1256, '2019-04-04 05:44:15', 'HOMEPAGE :  user => root( id = 1) ; result => true', 1),
	(1257, '2019-04-04 05:44:37', 'HOMEPAGE :  user => root( id = 1) ; result => true', 1),
	(1258, '2019-04-04 05:45:46', 'HOMEPAGE :  user => root( id = 1) ; result => true', 1),
	(1259, '2019-04-04 05:49:03', 'HOMEPAGE :  user => root( id = 1) ; result => true', 1),
	(1260, '2019-04-04 05:49:18', 'access ADMIN : VIEW user => root( id = 1) ', 1),
	(1261, '2019-04-04 05:49:24', 'HOMEPAGE :  user => root( id = 1) ; result => true', 1),
	(1262, '2019-04-04 05:49:25', 'HOMEPAGE :  user => root( id = 1) ; result => true', 1),
	(1263, '2019-04-04 05:49:26', 'HOMEPAGE :  user => root( id = 1) ; result => true', 1),
	(1264, '2019-04-04 05:49:32', 'HOMEPAGE :  user => root( id = 1) ; result => true', 1),
	(1265, '2019-04-04 05:50:22', 'HOMEPAGE :  user => root( id = 1) ; result => true', 1),
	(1266, '2019-04-04 06:40:19', 'HOMEPAGE :  user => root( id = 1) ; result => true', 1),
	(1267, '2019-04-04 06:40:43', 'HOMEPAGE :  user => root( id = 1) ; result => true', 1),
	(1268, '2019-04-04 06:42:58', 'HOMEPAGE :  user => root( id = 1) ; result => true', 1),
	(1269, '2019-04-04 06:43:06', 'HOMEPAGE :  user => root( id = 1) ; result => true', 1),
	(1270, '2019-04-04 06:43:40', 'HOMEPAGE :  user => root( id = 1) ; result => true', 1),
	(1271, '2019-04-04 06:43:52', 'HOMEPAGE :  user => root( id = 1) ; result => true', 1),
	(1272, '2019-04-04 06:44:16', 'HOMEPAGE :  user => root( id = 1) ; result => true', 1),
	(1273, '2019-04-04 06:44:36', 'HOMEPAGE :  user => root( id = 1) ; result => true', 1),
	(1274, '2019-04-04 06:44:44', 'HOMEPAGE :  user => root( id = 1) ; result => true', 1),
	(1275, '2019-04-04 06:45:07', 'access ADMIN : VIEW user => root( id = 1) ', 1),
	(1276, '2019-04-04 06:48:01', 'access ADMIN : VIEW user => root( id = 1) ', 1),
	(1277, '2019-04-04 06:49:00', 'access ADMIN : VIEW user => root( id = 1) ', 1),
	(1278, '2019-04-04 06:49:24', 'access ADMIN : VIEW user => root( id = 1) ', 1),
	(1279, '2019-04-04 06:49:32', 'access ADMIN : VIEW user => root( id = 1) ', 1),
	(1280, '2019-04-04 06:59:56', 'access ADMIN : VIEW user => root( id = 1) ', 1),
	(1281, '2019-04-04 07:13:18', 'HOMEPAGE :  user => root( id = 1) ; result => true', 1),
	(1282, '2019-04-04 09:11:05', 'HOMEPAGE :  user => root( id = 1) ; result => true', 1),
	(1283, '0000-00-00 00:00:00', 'true', 1),
	(1284, '2019-04-04 09:11:18', 'HOMEPAGE :  user => root( id = 1) ; result => true', 1),
	(1285, '2019-04-04 09:11:21', 'HOMEPAGE :  user => root( id = 1) ; result => true', 1),
	(1286, '2019-04-04 09:12:29', 'HOMEPAGE :  user => root( id = 1) ; result => true', 1),
	(1287, '2019-04-04 09:13:55', 'HOMEPAGE :  user => root( id = 1) ; result => true', 1),
	(1288, '2019-04-04 09:13:57', 'HOMEPAGE :  user => root( id = 1) ; result => true', 1),
	(1289, '2019-04-04 09:13:59', 'HOMEPAGE :  user => root( id = 1) ; result => true', 1),
	(1290, '2019-04-04 09:14:01', 'HOMEPAGE :  user => root( id = 1) ; result => true', 1),
	(1291, '2019-04-04 09:14:02', 'HOMEPAGE :  user => root( id = 1) ; result => true', 1),
	(1292, '2019-04-04 09:14:03', 'HOMEPAGE :  user => root( id = 1) ; result => true', 1),
	(1293, '2019-04-04 09:14:57', 'HOMEPAGE :  user => root( id = 1) ; result => true', 1),
	(1294, '2019-04-04 09:15:04', 'HOMEPAGE :  user => root( id = 1) ; result => true', 1),
	(1295, '2019-04-04 09:15:26', 'HOMEPAGE :  user => root( id = 1) ; result => true', 1),
	(1296, '2019-04-04 09:16:54', 'HOMEPAGE :  user => root( id = 1) ; result => true', 1),
	(1297, '2019-04-04 09:17:05', 'HOMEPAGE :  user => root( id = 1) ; result => true', 1),
	(1298, '2019-04-04 09:17:18', 'HOMEPAGE :  user => root( id = 1) ; result => true', 1),
	(1299, '2019-04-04 09:17:24', 'HOMEPAGE :  user => root( id = 1) ; result => true', 1),
	(1300, '2019-04-04 09:17:28', 'HOMEPAGE :  user => root( id = 1) ; result => true', 1),
	(1301, '2019-04-04 09:17:35', 'HOMEPAGE :  user => root( id = 1) ; result => true', 1),
	(1302, '2019-04-04 09:17:44', 'HOMEPAGE :  user => root( id = 1) ; result => true', 1),
	(1303, '2019-04-04 09:17:47', 'HOMEPAGE :  user => root( id = 1) ; result => true', 1),
	(1304, '2019-04-04 09:19:42', 'HOMEPAGE :  user => root( id = 1) ; result => true', 1),
	(1305, '2019-04-04 09:19:46', 'HOMEPAGE :  user => root( id = 1) ; result => true', 1),
	(1306, '2019-04-04 09:19:49', 'HOMEPAGE :  user => root( id = 1) ; result => true', 1),
	(1307, '2019-04-04 09:20:08', 'HOMEPAGE :  user => root( id = 1) ; result => true', 1),
	(1308, '2019-04-04 09:20:14', 'HOMEPAGE :  user => root( id = 1) ; result => true', 1),
	(1309, '2019-04-04 09:20:22', 'HOMEPAGE :  user => root( id = 1) ; result => true', 1),
	(1310, '2019-04-04 09:20:44', 'HOMEPAGE :  user => root( id = 1) ; result => true', 1),
	(1311, '2019-04-04 09:21:46', 'HOMEPAGE :  user => root( id = 1) ; result => true', 1),
	(1312, '2019-04-04 09:21:52', 'HOMEPAGE :  user => root( id = 1) ; result => true', 1),
	(1313, '2019-04-04 09:22:18', 'HOMEPAGE :  user => root( id = 1) ; result => true', 1),
	(1314, '0000-00-00 00:00:00', 'true', 1),
	(1315, '2019-04-23 13:59:49', 'HOMEPAGE :  user => root( id = 1) ; result => true', 1),
	(1316, '2019-04-23 13:59:52', 'HOMEPAGE :  user => root( id = 1) ; result => true', 1),
	(1317, '0000-00-00 00:00:00', 'true', 1),
	(1318, '2019-06-17 04:12:16', 'HOMEPAGE :  user => root( id = 1) ; result => true', 1),
	(1319, '2019-06-17 04:12:19', 'HOMEPAGE :  user => root( id = 1) ; result => true', 1),
	(1320, '2019-06-17 04:12:24', 'HOMEPAGE :  user => root( id = 1) ; result => true', 1),
	(1321, '2019-06-17 04:12:53', 'HOMEPAGE :  user => root( id = 1) ; result => true', 1),
	(1322, '2019-06-17 04:13:51', 'HOMEPAGE :  user => root( id = 1) ; result => true', 1),
	(1323, '2019-06-17 04:13:53', 'HOMEPAGE :  user => root( id = 1) ; result => true', 1),
	(1324, '2019-06-17 04:14:11', 'HOMEPAGE :  user => root( id = 1) ; result => true', 1),
	(1325, '2019-06-17 04:14:17', 'HOMEPAGE :  user => root( id = 1) ; result => true', 1),
	(1326, '2019-06-17 04:14:19', 'HOMEPAGE :  user => root( id = 1) ; result => true', 1),
	(1327, '2019-06-17 04:14:24', 'HOMEPAGE :  user => root( id = 1) ; result => true', 1),
	(1328, '2019-06-17 04:14:27', 'HOMEPAGE :  user => root( id = 1) ; result => true', 1),
	(1329, '2019-06-17 04:17:47', 'HOMEPAGE :  user => root( id = 1) ; result => true', 1),
	(1330, '2019-06-17 04:18:18', 'HOMEPAGE :  user => root( id = 1) ; result => true', 1),
	(1331, '2019-06-17 04:18:20', 'HOMEPAGE :  user => root( id = 1) ; result => true', 1),
	(1332, '2019-06-17 04:18:59', 'HOMEPAGE :  user => root( id = 1) ; result => true', 1),
	(1333, '2019-06-17 04:19:33', 'HOMEPAGE :  user => root( id = 1) ; result => true', 1),
	(1334, '2019-06-17 04:20:17', 'HOMEPAGE :  user => root( id = 1) ; result => true', 1),
	(1335, '2019-06-17 04:21:17', 'HOMEPAGE :  user => root( id = 1) ; result => true', 1),
	(1336, '2019-06-17 04:50:45', 'HOMEPAGE :  user => root( id = 1) ; result => true', 1),
	(1337, '2019-06-17 04:51:04', 'HOMEPAGE :  user => root( id = 1) ; result => true', 1),
	(1338, '2019-06-17 04:51:13', 'HOMEPAGE :  user => root( id = 1) ; result => true', 1),
	(1339, '0000-00-00 00:00:00', 'true', 1),
	(1340, '2019-06-27 04:57:39', 'HOMEPAGE :  user => root( id = 1) ; result => true', 1),
	(1341, '2019-06-27 04:57:42', 'HOMEPAGE :  user => root( id = 1) ; result => true', 1),
	(1342, '2019-06-27 04:59:53', 'HOMEPAGE :  user => root( id = 1) ; result => true', 1),
	(1343, '2019-06-27 05:01:03', 'HOMEPAGE :  user => root( id = 1) ; result => true', 1),
	(1344, '2019-06-27 05:01:04', 'HOMEPAGE :  user => root( id = 1) ; result => true', 1),
	(1345, '2019-06-27 05:01:08', 'HOMEPAGE :  user => root( id = 1) ; result => true', 1),
	(1346, '2019-06-27 05:01:11', 'HOMEPAGE :  user => root( id = 1) ; result => true', 1),
	(1347, '2019-06-27 05:04:20', 'HOMEPAGE :  user => root( id = 1) ; result => true', 1),
	(1348, '2019-06-27 05:04:26', 'HOMEPAGE :  user => root( id = 1) ; result => true', 1),
	(1349, '2019-06-27 05:05:37', 'HOMEPAGE :  user => root( id = 1) ; result => true', 1),
	(1350, '2019-06-27 05:05:39', 'HOMEPAGE :  user => root( id = 1) ; result => true', 1),
	(1351, '2019-06-27 05:05:40', 'HOMEPAGE :  user => root( id = 1) ; result => true', 1),
	(1352, '2019-06-27 05:05:41', 'HOMEPAGE :  user => root( id = 1) ; result => true', 1),
	(1353, '2019-06-27 05:05:41', 'HOMEPAGE :  user => root( id = 1) ; result => true', 1),
	(1354, '2019-06-27 05:05:42', 'HOMEPAGE :  user => root( id = 1) ; result => true', 1),
	(1355, '2019-06-27 05:05:43', 'HOMEPAGE :  user => root( id = 1) ; result => true', 1),
	(1356, '2019-06-27 05:05:43', 'HOMEPAGE :  user => root( id = 1) ; result => true', 1),
	(1357, '2019-06-27 05:05:44', 'HOMEPAGE :  user => root( id = 1) ; result => true', 1),
	(1358, '2019-06-27 05:05:46', 'HOMEPAGE :  user => root( id = 1) ; result => true', 1),
	(1359, '2019-06-27 05:11:57', 'HOMEPAGE :  user => root( id = 1) ; result => true', 1),
	(1360, '2019-06-27 05:15:20', 'HOMEPAGE :  user => root( id = 1) ; result => true', 1),
	(1361, '2019-06-27 05:16:05', 'HOMEPAGE :  user => root( id = 1) ; result => true', 1),
	(1362, '2019-06-27 05:16:22', 'HOMEPAGE :  user => root( id = 1) ; result => true', 1),
	(1363, '2019-06-27 05:16:39', 'HOMEPAGE :  user => root( id = 1) ; result => true', 1),
	(1364, '2019-06-27 05:16:44', 'HOMEPAGE :  user => root( id = 1) ; result => true', 1),
	(1365, '0000-00-00 00:00:00', 'true', 1),
	(1366, '2019-06-27 05:17:30', 'HOMEPAGE :  user => root( id = 1) ; result => true', 1),
	(1367, '2019-06-27 05:18:31', 'HOMEPAGE :  user => root( id = 1) ; result => true', 1),
	(1368, '2019-06-27 05:18:35', 'HOMEPAGE :  user => root( id = 1) ; result => true', 1),
	(1369, '2019-06-27 05:18:41', 'HOMEPAGE :  user => root( id = 1) ; result => true', 1),
	(1370, '2019-06-27 05:19:53', 'HOMEPAGE :  user => root( id = 1) ; result => true', 1),
	(1371, '2019-06-27 05:19:58', 'HOMEPAGE :  user => root( id = 1) ; result => true', 1),
	(1372, '2019-06-27 05:56:49', 'HOMEPAGE :  user => root( id = 1) ; result => true', 1),
	(1373, '2019-06-27 05:57:02', 'HOMEPAGE :  user => root( id = 1) ; result => true', 1),
	(1374, '0000-00-00 00:00:00', 'true', 1),
	(1375, '2019-06-27 06:38:11', 'HOMEPAGE :  user => root( id = 1) ; result => true', 1),
	(1376, '2019-06-27 06:38:19', 'HOMEPAGE :  user => root( id = 1) ; result => true', 1),
	(1377, '2019-06-27 06:38:32', 'HOMEPAGE :  user => root( id = 1) ; result => true', 1),
	(1378, '2019-06-27 06:38:56', 'HOMEPAGE :  user => root( id = 1) ; result => true', 1),
	(1379, '0000-00-00 00:00:00', 'true', 1),
	(1380, '2019-06-27 06:45:25', 'HOMEPAGE :  user => root( id = 1) ; result => true', 1),
	(1381, '2019-06-27 06:45:28', 'HOMEPAGE :  user => root( id = 1) ; result => true', 1),
	(1382, '2019-06-27 06:45:31', 'HOMEPAGE :  user => root( id = 1) ; result => true', 1),
	(1383, '2019-06-27 06:45:42', 'HOMEPAGE :  user => root( id = 1) ; result => true', 1),
	(1384, '2019-06-27 06:46:14', 'HOMEPAGE :  user => root( id = 1) ; result => true', 1),
	(1385, '2019-06-27 07:27:04', 'HOMEPAGE :  user => root( id = 1) ; result => true', 1),
	(1386, '2019-06-27 07:27:05', 'HOMEPAGE :  user => root( id = 1) ; result => true', 1),
	(1387, '2019-06-27 07:27:10', 'HOMEPAGE :  user => root( id = 1) ; result => true', 1),
	(1388, '2019-06-27 07:27:15', 'HOMEPAGE :  user => root( id = 1) ; result => true', 1),
	(1389, '0000-00-00 00:00:00', 'true', 1),
	(1390, '2019-06-27 07:28:30', 'HOMEPAGE :  user => root( id = 1) ; result => true', 1),
	(1391, '2019-06-27 07:28:33', 'HOMEPAGE :  user => root( id = 1) ; result => true', 1),
	(1392, '2019-06-27 07:28:41', 'HOMEPAGE :  user => root( id = 1) ; result => true', 1),
	(1393, '2019-06-27 07:28:53', 'HOMEPAGE :  user => root( id = 1) ; result => true', 1),
	(1394, '2019-06-27 07:29:01', 'HOMEPAGE :  user => root( id = 1) ; result => true', 1),
	(1395, '2019-06-27 07:29:11', 'HOMEPAGE :  user => root( id = 1) ; result => true', 1),
	(1396, '2019-06-27 07:29:19', 'HOMEPAGE :  user => root( id = 1) ; result => true', 1),
	(1397, '2019-06-27 07:29:25', 'HOMEPAGE :  user => root( id = 1) ; result => true', 1),
	(1398, '2019-06-27 07:29:51', 'HOMEPAGE :  user => root( id = 1) ; result => true', 1),
	(1399, '2019-06-27 07:30:01', 'HOMEPAGE :  user => root( id = 1) ; result => true', 1),
	(1400, '2019-06-27 07:30:07', 'HOMEPAGE :  user => root( id = 1) ; result => true', 1),
	(1401, '2019-06-27 07:31:08', 'HOMEPAGE :  user => root( id = 1) ; result => true', 1),
	(1402, '2019-06-27 07:31:09', 'HOMEPAGE :  user => root( id = 1) ; result => true', 1),
	(1403, '2019-06-27 07:37:29', 'HOMEPAGE :  user => root( id = 1) ; result => true', 1),
	(1404, '2019-06-27 07:37:56', 'HOMEPAGE :  user => root( id = 1) ; result => true', 1),
	(1405, '2019-06-27 07:39:20', 'HOMEPAGE :  user => root( id = 1) ; result => true', 1),
	(1406, '2019-06-27 07:48:46', 'HOMEPAGE :  user => root( id = 1) ; result => true', 1),
	(1407, '2019-06-27 07:52:35', 'HOMEPAGE :  user => root( id = 1) ; result => true', 1),
	(1408, '2019-06-27 07:52:37', 'HOMEPAGE :  user => root( id = 1) ; result => true', 1),
	(1409, '0000-00-00 00:00:00', 'true', 1),
	(1410, '2019-07-16 02:13:25', 'HOMEPAGE :  user => root( id = 1) ; result => true', 1),
	(1411, '2019-07-16 02:13:31', 'HOMEPAGE :  user => root( id = 1) ; result => true', 1),
	(1412, '2019-07-16 02:13:40', 'HOMEPAGE :  user => root( id = 1) ; result => true', 1),
	(1413, '2019-07-16 02:15:05', 'HOMEPAGE :  user => root( id = 1) ; result => true', 1),
	(1414, '2019-07-16 02:15:08', 'HOMEPAGE :  user => root( id = 1) ; result => true', 1),
	(1415, '2019-07-16 02:15:39', 'HOMEPAGE :  user => root( id = 1) ; result => true', 1),
	(1416, '2019-07-16 02:15:42', 'HOMEPAGE :  user => root( id = 1) ; result => true', 1),
	(1417, '0000-00-00 00:00:00', 'false =>Username atau password salah!', 0),
	(1418, '0000-00-00 00:00:00', 'true', 1),
	(1419, '2019-07-16 02:30:07', 'HOMEPAGE :  user => root( id = 1) ; result => true', 1),
	(1420, '2019-07-16 02:30:12', 'HOMEPAGE :  user => root( id = 1) ; result => true', 1),
	(1421, '2019-07-16 02:30:17', 'HOMEPAGE :  user => root( id = 1) ; result => true', 1),
	(1422, '2019-07-16 02:30:19', 'HOMEPAGE :  user => root( id = 1) ; result => true', 1),
	(1423, '2019-07-16 02:33:19', 'HOMEPAGE :  user => root( id = 1) ; result => true', 1),
	(1424, '2019-07-16 02:33:21', 'HOMEPAGE :  user => root( id = 1) ; result => true', 1),
	(1425, '2019-07-16 02:33:29', 'HOMEPAGE :  user => root( id = 1) ; result => true', 1),
	(1426, '2019-07-16 02:40:37', 'HOMEPAGE :  user => root( id = 1) ; result => true', 1),
	(1427, '2019-07-16 02:40:54', 'HOMEPAGE :  user => root( id = 1) ; result => true', 1),
	(1428, '2019-07-16 02:40:56', 'HOMEPAGE :  user => root( id = 1) ; result => true', 1),
	(1429, '2019-07-16 02:40:57', 'HOMEPAGE :  user => root( id = 1) ; result => true', 1),
	(1430, '2019-07-16 02:41:18', 'HOMEPAGE :  user => root( id = 1) ; result => true', 1),
	(1431, '2019-07-16 02:41:21', 'HOMEPAGE :  user => root( id = 1) ; result => true', 1),
	(1432, '2019-07-16 02:41:25', 'HOMEPAGE :  user => root( id = 1) ; result => true', 1),
	(1433, '2019-07-16 02:43:08', 'HOMEPAGE :  user => root( id = 1) ; result => true', 1),
	(1434, '2019-07-16 02:43:10', 'HOMEPAGE :  user => root( id = 1) ; result => true', 1),
	(1435, '2019-07-16 02:43:17', 'HOMEPAGE :  user => root( id = 1) ; result => true', 1),
	(1436, '2019-07-16 02:43:19', 'HOMEPAGE :  user => root( id = 1) ; result => true', 1),
	(1437, '2019-07-16 02:54:16', 'HOMEPAGE :  user => root( id = 1) ; result => true', 1),
	(1438, '0000-00-00 00:00:00', 'true', 1),
	(1439, '2019-07-16 02:55:54', 'HOMEPAGE :  user => root( id = 1) ; result => true', 1),
	(1440, '2019-07-16 02:56:50', 'HOMEPAGE :  user => root( id = 1) ; result => true', 1),
	(1441, '2019-07-16 02:56:51', 'HOMEPAGE :  user => root( id = 1) ; result => true', 1),
	(1442, '2019-07-16 03:01:04', 'HOMEPAGE :  user => root( id = 1) ; result => true', 1),
	(1443, '2019-07-16 03:01:11', 'HOMEPAGE :  user => root( id = 1) ; result => true', 1),
	(1444, '2019-07-16 03:01:13', 'HOMEPAGE :  user => root( id = 1) ; result => true', 1),
	(1445, '2019-07-16 03:01:22', 'HOMEPAGE :  user => root( id = 1) ; result => true', 1),
	(1446, '2019-07-16 03:01:28', 'HOMEPAGE :  user => root( id = 1) ; result => true', 1),
	(1447, '2019-07-16 03:10:03', 'HOMEPAGE :  user => root( id = 1) ; result => true', 1),
	(1448, '0000-00-00 00:00:00', 'true', 1),
	(1449, '2019-07-16 07:58:36', 'HOMEPAGE :  user => root( id = 1) ; result => true', 1),
	(1450, '2019-07-16 07:58:39', 'HOMEPAGE :  user => root( id = 1) ; result => true', 1),
	(1451, '0000-00-00 00:00:00', 'true', 1),
	(1452, '2019-07-17 06:05:34', 'HOMEPAGE :  user => root( id = 1) ; result => true', 1),
	(1453, '2019-07-17 07:07:04', 'HOMEPAGE :  user => root( id = 1) ; result => true', 1),
	(1454, '2019-07-17 07:23:07', 'HOMEPAGE :  user => root( id = 1) ; result => true', 1),
	(1455, '2019-07-17 07:23:11', 'HOMEPAGE :  user => root( id = 1) ; result => true', 1),
	(1456, '2019-07-17 07:23:15', 'HOMEPAGE :  user => root( id = 1) ; result => true', 1),
	(1457, '2019-07-17 07:23:29', 'HOMEPAGE :  user => root( id = 1) ; result => true', 1),
	(1458, '2019-07-17 07:24:57', 'HOMEPAGE :  user => root( id = 1) ; result => true', 1),
	(1459, '2019-07-17 07:25:27', 'HOMEPAGE :  user => root( id = 1) ; result => true', 1),
	(1460, '2019-07-17 07:25:56', 'HOMEPAGE :  user => root( id = 1) ; result => true', 1),
	(1461, '2019-07-17 07:26:03', 'HOMEPAGE :  user => root( id = 1) ; result => true', 1),
	(1462, '2019-07-17 07:32:28', 'HOMEPAGE :  user => root( id = 1) ; result => true', 1),
	(1463, '2019-07-17 07:38:42', 'HOMEPAGE :  user => root( id = 1) ; result => true', 1),
	(1464, '2019-07-17 07:38:54', 'HOMEPAGE :  user => root( id = 1) ; result => true', 1),
	(1465, '2019-07-17 07:39:25', 'HOMEPAGE :  user => root( id = 1) ; result => true', 1),
	(1466, '2019-07-17 07:39:44', 'HOMEPAGE :  user => root( id = 1) ; result => true', 1),
	(1467, '2019-07-17 07:39:58', 'HOMEPAGE :  user => root( id = 1) ; result => true', 1),
	(1468, '2019-07-17 07:40:46', 'HOMEPAGE :  user => root( id = 1) ; result => true', 1),
	(1469, '2019-07-17 07:41:42', 'HOMEPAGE :  user => root( id = 1) ; result => true', 1),
	(1470, '2019-07-17 07:41:58', 'HOMEPAGE :  user => root( id = 1) ; result => true', 1),
	(1471, '2019-07-17 07:42:13', 'HOMEPAGE :  user => root( id = 1) ; result => true', 1),
	(1472, '2019-07-17 07:56:11', 'HOMEPAGE :  user => root( id = 1) ; result => true', 1),
	(1473, '2019-07-17 07:59:31', 'HOMEPAGE :  user => root( id = 1) ; result => true', 1),
	(1474, '2019-07-17 07:59:39', 'HOMEPAGE :  user => root( id = 1) ; result => true', 1),
	(1475, '2019-07-17 08:00:12', 'HOMEPAGE :  user => root( id = 1) ; result => true', 1),
	(1476, '2019-07-17 08:02:51', 'HOMEPAGE :  user => root( id = 1) ; result => true', 1),
	(1477, '2019-07-17 08:03:57', 'HOMEPAGE :  user => root( id = 1) ; result => true', 1),
	(1478, '2019-07-17 08:04:27', 'HOMEPAGE :  user => root( id = 1) ; result => true', 1),
	(1479, '2019-07-17 08:04:30', 'HOMEPAGE :  user => root( id = 1) ; result => true', 1),
	(1480, '2019-07-17 08:04:43', 'HOMEPAGE :  user => root( id = 1) ; result => true', 1),
	(1481, '2019-07-17 08:04:50', 'HOMEPAGE :  user => root( id = 1) ; result => true', 1),
	(1482, '0000-00-00 00:00:00', 'true', 1),
	(1483, '2019-07-17 14:43:48', 'HOMEPAGE :  user => root( id = 1) ; result => true', 1),
	(1484, '2019-07-17 14:46:41', 'HOMEPAGE :  user => root( id = 1) ; result => true', 1),
	(1485, '0000-00-00 00:00:00', 'false =>Username atau password salah!', 0),
	(1486, '0000-00-00 00:00:00', 'true', 1),
	(1487, '2019-07-18 15:07:45', 'HOMEPAGE :  user => root( id = 1) ; result => true', 1),
	(1488, '2019-07-18 15:07:49', 'HOMEPAGE :  user => root( id = 1) ; result => true', 1),
	(1489, '2019-07-18 15:07:52', 'HOMEPAGE :  user => root( id = 1) ; result => true', 1),
	(1490, '2019-07-18 15:08:07', 'HOMEPAGE :  user => root( id = 1) ; result => true', 1),
	(1491, '2019-07-18 15:09:04', 'HOMEPAGE :  user => root( id = 1) ; result => true', 1),
	(1492, '2019-07-18 15:09:06', 'HOMEPAGE :  user => root( id = 1) ; result => true', 1),
	(1493, '2019-07-18 15:09:20', 'HOMEPAGE :  user => root( id = 1) ; result => true', 1),
	(1494, '2019-07-18 15:09:50', 'HOMEPAGE :  user => root( id = 1) ; result => true', 1),
	(1495, '2019-07-18 15:10:16', 'HOMEPAGE :  user => root( id = 1) ; result => true', 1),
	(1496, '2019-07-18 15:12:58', 'HOMEPAGE :  user => root( id = 1) ; result => true', 1),
	(1497, '2019-07-18 15:13:12', 'HOMEPAGE :  user => root( id = 1) ; result => true', 1),
	(1498, '2019-07-18 15:13:34', 'HOMEPAGE :  user => root( id = 1) ; result => true', 1),
	(1499, '2019-07-18 15:14:33', 'HOMEPAGE :  user => root( id = 1) ; result => true', 1),
	(1500, '2019-07-18 15:17:36', 'HOMEPAGE :  user => root( id = 1) ; result => true', 1),
	(1501, '2019-07-18 15:18:31', 'HOMEPAGE :  user => root( id = 1) ; result => true', 1),
	(1502, '2019-07-18 15:18:35', 'HOMEPAGE :  user => root( id = 1) ; result => true', 1),
	(1503, '2019-07-18 15:18:38', 'HOMEPAGE :  user => root( id = 1) ; result => true', 1),
	(1504, '2019-07-18 15:19:15', 'HOMEPAGE :  user => root( id = 1) ; result => true', 1),
	(1505, '2019-07-18 15:19:50', 'HOMEPAGE :  user => root( id = 1) ; result => true', 1),
	(1506, '2019-07-18 15:19:52', 'HOMEPAGE :  user => root( id = 1) ; result => true', 1),
	(1507, '2019-07-18 15:30:35', 'HOMEPAGE :  user => root( id = 1) ; result => true', 1),
	(1508, '2019-07-18 15:31:39', 'HOMEPAGE :  user => root( id = 1) ; result => true', 1),
	(1509, '2019-07-18 15:45:44', 'HOMEPAGE :  user => root( id = 1) ; result => true', 1),
	(1510, '2019-07-18 15:45:44', 'HOMEPAGE :  user => root( id = 1) ; result => true', 1),
	(1511, '0000-00-00 00:00:00', 'true', 1),
	(1512, '2019-07-24 03:10:51', 'HOMEPAGE :  user => root( id = 1) ; result => true', 1),
	(1513, '2019-07-24 03:10:56', 'HOMEPAGE :  user => root( id = 1) ; result => true', 1),
	(1514, '2019-07-24 03:11:01', 'HOMEPAGE :  user => root( id = 1) ; result => true', 1),
	(1515, '2019-07-24 03:11:09', 'HOMEPAGE :  user => root( id = 1) ; result => true', 1),
	(1516, '2019-07-24 03:11:25', 'HOMEPAGE :  user => root( id = 1) ; result => true', 1),
	(1517, '2019-07-24 03:11:39', 'HOMEPAGE :  user => root( id = 1) ; result => true', 1),
	(1518, '2019-07-24 03:11:51', 'HOMEPAGE :  user => root( id = 1) ; result => true', 1),
	(1519, '2019-07-24 03:11:54', 'HOMEPAGE :  user => root( id = 1) ; result => true', 1),
	(1520, '2019-07-24 03:12:06', 'HOMEPAGE :  user => root( id = 1) ; result => true', 1),
	(1521, '2019-07-24 03:12:06', 'HOMEPAGE :  user => root( id = 1) ; result => true', 1),
	(1522, '2019-07-24 03:12:10', 'HOMEPAGE :  user => root( id = 1) ; result => true', 1),
	(1523, '2019-07-24 03:12:18', 'HOMEPAGE :  user => root( id = 1) ; result => true', 1),
	(1524, '2019-07-24 03:12:32', 'HOMEPAGE :  user => root( id = 1) ; result => true', 1),
	(1525, '2019-07-24 03:12:43', 'HOMEPAGE :  user => root( id = 1) ; result => true', 1),
	(1526, '2019-07-24 03:13:19', 'HOMEPAGE :  user => root( id = 1) ; result => true', 1),
	(1527, '2019-07-24 03:21:08', 'HOMEPAGE :  user => root( id = 1) ; result => true', 1),
	(1528, '2019-07-24 03:21:25', 'HOMEPAGE :  user => root( id = 1) ; result => true', 1),
	(1529, '2019-07-24 03:21:42', 'HOMEPAGE :  user => root( id = 1) ; result => true', 1),
	(1530, '2019-07-24 03:21:58', 'HOMEPAGE :  user => root( id = 1) ; result => true', 1),
	(1531, '2019-07-24 03:22:07', 'HOMEPAGE :  user => root( id = 1) ; result => true', 1),
	(1532, '2019-07-24 03:23:31', 'HOMEPAGE :  user => root( id = 1) ; result => true', 1),
	(1533, '2019-07-24 03:23:37', 'HOMEPAGE :  user => root( id = 1) ; result => true', 1),
	(1534, '2019-07-24 03:23:47', 'HOMEPAGE :  user => root( id = 1) ; result => true', 1),
	(1535, '2019-07-24 03:24:07', 'HOMEPAGE :  user => root( id = 1) ; result => true', 1),
	(1536, '2019-07-24 03:24:19', 'HOMEPAGE :  user => root( id = 1) ; result => true', 1),
	(1537, '2019-07-24 03:24:31', 'HOMEPAGE :  user => root( id = 1) ; result => true', 1),
	(1538, '2019-07-24 03:25:23', 'HOMEPAGE :  user => root( id = 1) ; result => true', 1),
	(1539, '2019-07-24 03:39:14', 'HOMEPAGE :  user => root( id = 1) ; result => true', 1),
	(1540, '2019-07-24 03:41:15', 'HOMEPAGE :  user => root( id = 1) ; result => true', 1),
	(1541, '2019-07-24 03:45:58', 'HOMEPAGE :  user => root( id = 1) ; result => true', 1),
	(1542, '2019-07-24 03:51:10', 'HOMEPAGE :  user => root( id = 1) ; result => true', 1),
	(1543, '2019-07-24 04:13:23', 'HOMEPAGE :  user => root( id = 1) ; result => true', 1),
	(1544, '0000-00-00 00:00:00', 'true', 1),
	(1545, '2019-07-25 07:45:00', 'HOMEPAGE :  user => root( id = 1) ; result => true', 1),
	(1546, '2019-07-25 07:45:04', 'HOMEPAGE :  user => root( id = 1) ; result => true', 1),
	(1547, '2019-07-25 07:45:09', 'HOMEPAGE :  user => root( id = 1) ; result => true', 1),
	(1548, '2019-07-25 07:45:18', 'HOMEPAGE :  user => root( id = 1) ; result => true', 1),
	(1549, '2019-07-25 07:45:32', 'HOMEPAGE :  user => root( id = 1) ; result => true', 1),
	(1550, '2019-07-25 07:51:31', 'HOMEPAGE :  user => root( id = 1) ; result => true', 1),
	(1551, '2019-07-25 08:14:27', 'HOMEPAGE :  user => root( id = 1) ; result => true', 1),
	(1552, '2019-07-25 08:14:37', 'HOMEPAGE :  user => root( id = 1) ; result => true', 1),
	(1553, '2019-07-25 08:14:48', 'HOMEPAGE :  user => root( id = 1) ; result => true', 1),
	(1554, '2019-07-25 08:20:04', 'HOMEPAGE :  user => root( id = 1) ; result => true', 1),
	(1555, '2019-07-25 08:20:09', 'HOMEPAGE :  user => root( id = 1) ; result => true', 1),
	(1556, '2019-07-25 08:20:46', 'HOMEPAGE :  user => root( id = 1) ; result => true', 1),
	(1557, '2019-07-25 08:24:59', 'HOMEPAGE :  user => root( id = 1) ; result => true', 1),
	(1558, '2019-07-25 08:28:17', 'HOMEPAGE :  user => root( id = 1) ; result => true', 1),
	(1559, '2019-07-25 08:34:21', 'HOMEPAGE :  user => root( id = 1) ; result => true', 1),
	(1560, '2019-07-25 08:34:28', 'HOMEPAGE :  user => root( id = 1) ; result => true', 1),
	(1561, '2019-07-25 08:34:39', 'HOMEPAGE :  user => root( id = 1) ; result => true', 1),
	(1562, '2019-07-25 08:47:41', 'HOMEPAGE :  user => root( id = 1) ; result => true', 1),
	(1563, '2019-07-25 08:47:43', 'HOMEPAGE :  user => root( id = 1) ; result => true', 1),
	(1564, '2019-07-25 08:47:46', 'HOMEPAGE :  user => root( id = 1) ; result => true', 1),
	(1565, '2019-07-25 08:47:56', 'HOMEPAGE :  user => root( id = 1) ; result => true', 1),
	(1566, '2019-07-25 08:48:46', 'HOMEPAGE :  user => root( id = 1) ; result => true', 1),
	(1567, '2019-07-25 08:48:51', 'HOMEPAGE :  user => root( id = 1) ; result => true', 1),
	(1568, '2019-07-25 08:51:10', 'HOMEPAGE :  user => root( id = 1) ; result => true', 1),
	(1569, '2019-07-25 08:52:27', 'HOMEPAGE :  user => root( id = 1) ; result => true', 1),
	(1570, '2019-07-25 08:52:47', 'HOMEPAGE :  user => root( id = 1) ; result => true', 1),
	(1571, '2019-07-25 08:54:17', 'HOMEPAGE :  user => root( id = 1) ; result => true', 1),
	(1572, '2019-07-25 09:03:40', 'HOMEPAGE :  user => root( id = 1) ; result => true', 1),
	(1573, '2019-07-25 09:04:26', 'HOMEPAGE :  user => root( id = 1) ; result => true', 1),
	(1574, '2019-07-25 09:04:34', 'HOMEPAGE :  user => root( id = 1) ; result => true', 1),
	(1575, '2019-07-25 09:04:55', 'HOMEPAGE :  user => root( id = 1) ; result => true', 1),
	(1576, '0000-00-00 00:00:00', 'true', 1),
	(1577, '2019-07-26 10:05:24', 'HOMEPAGE :  user => root( id = 1) ; result => true', 1),
	(1578, '2019-07-26 10:05:27', 'HOMEPAGE :  user => root( id = 1) ; result => true', 1),
	(1579, '2019-07-26 10:06:02', 'HOMEPAGE :  user => root( id = 1) ; result => true', 1),
	(1580, '2019-07-26 10:26:08', 'HOMEPAGE :  user => root( id = 1) ; result => true', 1),
	(1581, '2019-07-26 10:26:10', 'HOMEPAGE :  user => root( id = 1) ; result => true', 1),
	(1582, '2019-07-26 10:26:16', 'HOMEPAGE :  user => root( id = 1) ; result => true', 1),
	(1583, '2019-07-26 10:26:49', 'HOMEPAGE :  user => root( id = 1) ; result => true', 1),
	(1584, '2019-07-26 10:28:58', 'HOMEPAGE :  user => root( id = 1) ; result => true', 1),
	(1585, '2019-07-26 10:29:56', 'HOMEPAGE :  user => root( id = 1) ; result => true', 1),
	(1586, '2019-07-26 10:31:37', 'HOMEPAGE :  user => root( id = 1) ; result => true', 1),
	(1587, '2019-07-26 10:32:04', 'HOMEPAGE :  user => root( id = 1) ; result => true', 1),
	(1588, '0000-00-00 00:00:00', 'true', 1),
	(1589, '2019-07-27 15:37:46', 'HOMEPAGE :  user => root( id = 1) ; result => true', 1),
	(1590, '2019-07-27 15:37:49', 'HOMEPAGE :  user => root( id = 1) ; result => true', 1),
	(1591, '2019-07-27 15:39:03', 'HOMEPAGE :  user => root( id = 1) ; result => true', 1),
	(1592, '2019-07-27 15:39:08', 'HOMEPAGE :  user => root( id = 1) ; result => true', 1),
	(1593, '2019-07-27 15:39:23', 'HOMEPAGE :  user => root( id = 1) ; result => true', 1),
	(1594, '2019-07-27 15:40:37', 'HOMEPAGE :  user => root( id = 1) ; result => true', 1),
	(1595, '2019-07-27 15:40:46', 'HOMEPAGE :  user => root( id = 1) ; result => true', 1),
	(1596, '2019-07-27 15:41:13', 'HOMEPAGE :  user => root( id = 1) ; result => true', 1),
	(1597, '2019-07-27 15:41:42', 'HOMEPAGE :  user => root( id = 1) ; result => true', 1),
	(1598, '2019-07-27 15:44:55', 'HOMEPAGE :  user => root( id = 1) ; result => true', 1),
	(1599, '2019-07-27 15:45:18', 'HOMEPAGE :  user => root( id = 1) ; result => true', 1),
	(1600, '0000-00-00 00:00:00', 'true', 1),
	(1601, '2019-07-29 03:45:49', 'HOMEPAGE :  user => root( id = 1) ; result => true', 1),
	(1602, '2019-07-29 03:45:52', 'HOMEPAGE :  user => root( id = 1) ; result => true', 1),
	(1603, '2019-07-29 03:48:23', 'HOMEPAGE :  user => root( id = 1) ; result => true', 1),
	(1604, '2019-07-29 03:48:37', 'HOMEPAGE :  user => root( id = 1) ; result => true', 1),
	(1605, '2019-07-29 03:48:41', 'HOMEPAGE :  user => root( id = 1) ; result => true', 1),
	(1606, '2019-07-29 03:48:56', 'HOMEPAGE :  user => root( id = 1) ; result => true', 1),
	(1607, '2019-07-29 03:49:08', 'HOMEPAGE :  user => root( id = 1) ; result => true', 1),
	(1608, '2019-07-29 03:49:18', 'HOMEPAGE :  user => root( id = 1) ; result => true', 1),
	(1609, '2019-07-29 03:49:42', 'HOMEPAGE :  user => root( id = 1) ; result => true', 1),
	(1610, '2019-07-29 03:49:58', 'HOMEPAGE :  user => root( id = 1) ; result => true', 1),
	(1611, '2019-07-29 03:50:06', 'HOMEPAGE :  user => root( id = 1) ; result => true', 1),
	(1612, '2019-07-29 03:50:16', 'HOMEPAGE :  user => root( id = 1) ; result => true', 1),
	(1613, '2019-07-29 03:50:35', 'HOMEPAGE :  user => root( id = 1) ; result => true', 1),
	(1614, '2019-07-29 03:50:42', 'HOMEPAGE :  user => root( id = 1) ; result => true', 1),
	(1615, '2019-07-29 03:53:35', 'HOMEPAGE :  user => root( id = 1) ; result => true', 1),
	(1616, '2019-07-29 03:53:43', 'HOMEPAGE :  user => root( id = 1) ; result => true', 1),
	(1617, '2019-07-29 03:53:55', 'HOMEPAGE :  user => root( id = 1) ; result => true', 1),
	(1618, '2019-07-29 03:56:20', 'HOMEPAGE :  user => root( id = 1) ; result => true', 1),
	(1619, '2019-07-29 03:56:22', 'HOMEPAGE :  user => root( id = 1) ; result => true', 1),
	(1620, '2019-07-29 03:56:44', 'HOMEPAGE :  user => root( id = 1) ; result => true', 1),
	(1621, '2019-07-29 03:56:53', 'HOMEPAGE :  user => root( id = 1) ; result => true', 1),
	(1622, '2019-07-29 03:57:06', 'HOMEPAGE :  user => root( id = 1) ; result => true', 1),
	(1623, '2019-07-29 03:57:33', 'HOMEPAGE :  user => root( id = 1) ; result => true', 1),
	(1624, '2019-07-29 03:57:41', 'HOMEPAGE :  user => root( id = 1) ; result => true', 1),
	(1625, '2019-07-29 03:57:53', 'HOMEPAGE :  user => root( id = 1) ; result => true', 1),
	(1626, '2019-07-29 03:58:00', 'HOMEPAGE :  user => root( id = 1) ; result => true', 1),
	(1627, '2019-07-29 03:58:10', 'HOMEPAGE :  user => root( id = 1) ; result => true', 1),
	(1628, '2019-07-29 03:59:43', 'HOMEPAGE :  user => root( id = 1) ; result => true', 1),
	(1629, '2019-07-29 03:59:44', 'HOMEPAGE :  user => root( id = 1) ; result => true', 1),
	(1630, '2019-07-29 03:59:49', 'HOMEPAGE :  user => root( id = 1) ; result => true', 1),
	(1631, '2019-07-29 04:00:05', 'HOMEPAGE :  user => root( id = 1) ; result => true', 1),
	(1632, '2019-07-29 04:00:23', 'HOMEPAGE :  user => root( id = 1) ; result => true', 1),
	(1633, '2019-07-29 04:00:36', 'HOMEPAGE :  user => root( id = 1) ; result => true', 1),
	(1634, '2019-07-29 04:02:02', 'HOMEPAGE :  user => root( id = 1) ; result => true', 1),
	(1635, '2019-07-29 04:02:12', 'HOMEPAGE :  user => root( id = 1) ; result => true', 1),
	(1636, '2019-07-29 04:02:25', 'HOMEPAGE :  user => root( id = 1) ; result => true', 1),
	(1637, '2019-07-29 04:02:29', 'HOMEPAGE :  user => root( id = 1) ; result => true', 1),
	(1638, '2019-07-29 04:02:34', 'HOMEPAGE :  user => root( id = 1) ; result => true', 1),
	(1639, '2019-07-29 04:02:42', 'HOMEPAGE :  user => root( id = 1) ; result => true', 1),
	(1640, '2019-07-29 04:02:50', 'HOMEPAGE :  user => root( id = 1) ; result => true', 1),
	(1641, '2019-07-29 04:14:02', 'HOMEPAGE :  user => root( id = 1) ; result => true', 1),
	(1642, '2019-07-29 04:14:05', 'HOMEPAGE :  user => root( id = 1) ; result => true', 1),
	(1643, '2019-07-29 04:14:47', 'HOMEPAGE :  user => root( id = 1) ; result => true', 1),
	(1644, '2019-07-29 04:14:56', 'HOMEPAGE :  user => root( id = 1) ; result => true', 1),
	(1645, '2019-07-29 04:15:06', 'HOMEPAGE :  user => root( id = 1) ; result => true', 1),
	(1646, '2019-07-29 04:18:25', 'HOMEPAGE :  user => root( id = 1) ; result => true', 1),
	(1647, '2019-07-29 05:01:26', 'HOMEPAGE :  user => root( id = 1) ; result => true', 1),
	(1648, '2019-07-29 05:02:21', 'HOMEPAGE :  user => root( id = 1) ; result => true', 1),
	(1649, '2019-07-29 05:03:25', 'HOMEPAGE :  user => root( id = 1) ; result => true', 1),
	(1650, '2019-07-29 05:30:27', 'HOMEPAGE :  user => root( id = 1) ; result => true', 1),
	(1651, '2019-07-29 05:30:33', 'HOMEPAGE :  user => root( id = 1) ; result => true', 1),
	(1652, '2019-07-29 05:41:30', 'HOMEPAGE :  user => root( id = 1) ; result => true', 1),
	(1653, '2019-07-29 05:41:33', 'HOMEPAGE :  user => root( id = 1) ; result => true', 1),
	(1654, '2019-07-29 05:43:29', 'HOMEPAGE :  user => root( id = 1) ; result => true', 1),
	(1655, '2019-07-29 06:18:20', 'HOMEPAGE :  user => root( id = 1) ; result => true', 1),
	(1656, '2019-07-29 06:18:22', 'HOMEPAGE :  user => root( id = 1) ; result => true', 1),
	(1657, '2019-07-29 06:18:32', 'HOMEPAGE :  user => root( id = 1) ; result => true', 1),
	(1658, '2019-07-29 06:18:42', 'HOMEPAGE :  user => root( id = 1) ; result => true', 1),
	(1659, '2019-07-29 06:18:43', 'HOMEPAGE :  user => root( id = 1) ; result => true', 1),
	(1660, '2019-07-29 06:18:50', 'HOMEPAGE :  user => root( id = 1) ; result => true', 1),
	(1661, '0000-00-00 00:00:00', 'true', 1),
	(1662, '2019-07-29 10:49:43', 'HOMEPAGE :  user => root( id = 1) ; result => true', 1),
	(1663, '2019-07-29 10:49:45', 'HOMEPAGE :  user => root( id = 1) ; result => true', 1),
	(1664, '2019-07-29 10:49:53', 'HOMEPAGE :  user => root( id = 1) ; result => true', 1),
	(1665, '2019-07-29 10:49:55', 'HOMEPAGE :  user => root( id = 1) ; result => true', 1),
	(1666, '2019-07-29 10:50:06', 'HOMEPAGE :  user => root( id = 1) ; result => true', 1),
	(1667, '2019-07-29 10:53:00', 'HOMEPAGE :  user => root( id = 1) ; result => true', 1),
	(1668, '2019-07-29 10:55:09', 'HOMEPAGE :  user => root( id = 1) ; result => true', 1),
	(1669, '2019-07-29 11:10:57', 'HOMEPAGE :  user => root( id = 1) ; result => true', 1),
	(1670, '2019-07-29 11:11:50', 'HOMEPAGE :  user => root( id = 1) ; result => true', 1),
	(1671, '2019-07-29 11:11:56', 'HOMEPAGE :  user => root( id = 1) ; result => true', 1),
	(1672, '2019-07-29 11:13:59', 'HOMEPAGE :  user => root( id = 1) ; result => true', 1),
	(1673, '2019-07-29 11:14:35', 'HOMEPAGE :  user => root( id = 1) ; result => true', 1),
	(1674, '2019-07-29 11:14:36', 'HOMEPAGE :  user => root( id = 1) ; result => true', 1),
	(1675, '2019-07-29 11:33:43', 'HOMEPAGE :  user => root( id = 1) ; result => true', 1),
	(1676, '2019-07-29 11:33:44', 'HOMEPAGE :  user => root( id = 1) ; result => true', 1),
	(1677, '2019-07-29 11:33:46', 'HOMEPAGE :  user => root( id = 1) ; result => true', 1),
	(1678, '2019-07-29 11:33:49', 'HOMEPAGE :  user => root( id = 1) ; result => true', 1),
	(1679, '2019-07-29 11:33:52', 'HOMEPAGE :  user => root( id = 1) ; result => true', 1),
	(1680, '2019-07-29 11:35:29', 'HOMEPAGE :  user => root( id = 1) ; result => true', 1),
	(1681, '2019-07-29 11:35:30', 'HOMEPAGE :  user => root( id = 1) ; result => true', 1),
	(1682, '2019-07-29 11:35:34', 'HOMEPAGE :  user => root( id = 1) ; result => true', 1),
	(1683, '2019-07-29 11:35:35', 'HOMEPAGE :  user => root( id = 1) ; result => true', 1),
	(1684, '2019-07-29 11:35:36', 'HOMEPAGE :  user => root( id = 1) ; result => true', 1),
	(1685, '2019-07-29 11:35:37', 'HOMEPAGE :  user => root( id = 1) ; result => true', 1),
	(1686, '2019-07-29 11:35:40', 'HOMEPAGE :  user => root( id = 1) ; result => true', 1),
	(1687, '2019-07-29 11:35:42', 'HOMEPAGE :  user => root( id = 1) ; result => true', 1),
	(1688, '2019-07-29 11:35:43', 'HOMEPAGE :  user => root( id = 1) ; result => true', 1),
	(1689, '0000-00-00 00:00:00', 'true', 1),
	(1690, '2019-07-30 01:39:13', 'HOMEPAGE :  user => root( id = 1) ; result => true', 1),
	(1691, '2019-07-30 01:39:16', 'HOMEPAGE :  user => root( id = 1) ; result => true', 1),
	(1692, '2019-07-30 01:47:34', 'HOMEPAGE :  user => root( id = 1) ; result => true', 1),
	(1693, '0000-00-00 00:00:00', 'true', 1),
	(1694, '2019-08-02 13:46:33', 'HOMEPAGE :  user => root( id = 1) ; result => true', 1),
	(1695, '2019-08-02 13:46:35', 'HOMEPAGE :  user => root( id = 1) ; result => true', 1),
	(1696, '2019-08-02 13:46:57', 'HOMEPAGE :  user => root( id = 1) ; result => true', 1),
	(1697, '0000-00-00 00:00:00', 'true', 1),
	(1698, '2019-08-05 03:21:40', 'HOMEPAGE :  user => root( id = 1) ; result => true', 1),
	(1699, '2019-08-05 03:21:42', 'HOMEPAGE :  user => root( id = 1) ; result => true', 1),
	(1700, '2019-08-05 03:29:15', 'HOMEPAGE :  user => root( id = 1) ; result => true', 1),
	(1701, '2019-08-05 03:29:17', 'HOMEPAGE :  user => root( id = 1) ; result => true', 1),
	(1702, '0000-00-00 00:00:00', 'true', 1),
	(1703, '2019-08-05 07:50:59', 'HOMEPAGE :  user => root( id = 1) ; result => true', 1),
	(1704, '2019-08-05 07:51:02', 'HOMEPAGE :  user => root( id = 1) ; result => true', 1),
	(1705, '2019-08-05 07:53:27', 'HOMEPAGE :  user => root( id = 1) ; result => true', 1),
	(1706, '2019-08-05 07:53:32', 'HOMEPAGE :  user => root( id = 1) ; result => true', 1),
	(1707, '0000-00-00 00:00:00', 'true', 1),
	(1708, '2019-08-07 06:57:53', 'HOMEPAGE :  user => root( id = 1) ; result => true', 1),
	(1709, '2019-08-07 06:58:04', 'HOMEPAGE :  user => root( id = 1) ; result => true', 1),
	(1710, '2019-08-07 07:13:30', 'HOMEPAGE :  user => root( id = 1) ; result => true', 1),
	(1711, '2019-08-07 07:13:35', 'HOMEPAGE :  user => root( id = 1) ; result => true', 1),
	(1712, '2019-08-07 07:13:56', 'HOMEPAGE :  user => root( id = 1) ; result => true', 1),
	(1713, '2019-08-07 07:16:57', 'HOMEPAGE :  user => root( id = 1) ; result => true', 1),
	(1714, '2019-08-07 07:17:02', 'HOMEPAGE :  user => root( id = 1) ; result => true', 1),
	(1715, '2019-08-07 07:19:56', 'HOMEPAGE :  user => root( id = 1) ; result => true', 1),
	(1716, '2019-08-07 07:20:17', 'HOMEPAGE :  user => root( id = 1) ; result => true', 1),
	(1717, '2019-08-07 07:23:12', 'HOMEPAGE :  user => root( id = 1) ; result => true', 1),
	(1718, '2019-08-07 07:23:24', 'HOMEPAGE :  user => root( id = 1) ; result => true', 1),
	(1719, '0000-00-00 00:00:00', 'true', 1),
	(1720, '2019-08-07 10:48:17', 'HOMEPAGE :  user => root( id = 1) ; result => true', 1),
	(1721, '2019-08-07 10:48:20', 'HOMEPAGE :  user => root( id = 1) ; result => true', 1),
	(1722, '0000-00-00 00:00:00', 'false =>Username atau password salah!', 0),
	(1723, '0000-00-00 00:00:00', 'true', 1),
	(1724, '2019-08-29 05:06:09', 'HOMEPAGE :  user => root( id = 1) ; result => true', 1),
	(1725, '2019-08-29 05:06:19', 'HOMEPAGE :  user => root( id = 1) ; result => true', 1),
	(1726, '2019-08-29 05:07:16', 'HOMEPAGE :  user => root( id = 1) ; result => true', 1),
	(1727, '2019-08-29 05:07:31', 'HOMEPAGE :  user => root( id = 1) ; result => true', 1),
	(1728, '0000-00-00 00:00:00', 'true', 1),
	(1729, '2019-08-29 10:32:19', 'HOMEPAGE :  user => root( id = 1) ; result => true', 1),
	(1730, '2019-08-29 10:32:21', 'HOMEPAGE :  user => root( id = 1) ; result => true', 1),
	(1731, '0000-00-00 00:00:00', 'true', 1),
	(1732, '2019-09-14 09:00:05', 'HOMEPAGE :  user => root( id = 1) ; result => true', 1),
	(1733, '2019-09-14 09:00:28', 'HOMEPAGE :  user => root( id = 1) ; result => true', 1),
	(1734, '2019-09-14 09:02:11', 'HOMEPAGE :  user => root( id = 1) ; result => true', 1),
	(1735, '0000-00-00 00:00:00', 'true', 1),
	(1736, '2019-09-15 04:27:20', 'HOMEPAGE :  user => root( id = 1) ; result => true', 1),
	(1737, '2019-09-15 04:27:23', 'HOMEPAGE :  user => root( id = 1) ; result => true', 1),
	(1738, '2019-09-15 04:28:24', 'HOMEPAGE :  user => root( id = 1) ; result => true', 1),
	(1739, '2019-09-15 04:43:15', 'HOMEPAGE :  user => root( id = 1) ; result => true', 1),
	(1740, '2019-09-15 04:43:27', 'HOMEPAGE :  user => root( id = 1) ; result => true', 1),
	(1741, '0000-00-00 00:00:00', 'true', 1),
	(1742, '2019-09-15 07:22:48', 'HOMEPAGE :  user => root( id = 1) ; result => true', 1),
	(1743, '2019-09-15 07:25:25', 'HOMEPAGE :  user => root( id = 1) ; result => true', 1),
	(1744, '2019-09-15 07:25:29', 'HOMEPAGE :  user => root( id = 1) ; result => true', 1),
	(1745, '2019-09-15 07:26:09', 'HOMEPAGE :  user => root( id = 1) ; result => true', 1),
	(1746, '2019-09-15 07:26:58', 'HOMEPAGE :  user => root( id = 1) ; result => true', 1),
	(1747, '2019-09-15 07:27:04', 'HOMEPAGE :  user => root( id = 1) ; result => true', 1),
	(1748, '2019-09-15 08:02:31', 'HOMEPAGE :  user => root( id = 1) ; result => true', 1),
	(1749, '2019-09-15 08:04:14', 'HOMEPAGE :  user => root( id = 1) ; result => true', 1),
	(1750, '2019-09-15 08:04:16', 'HOMEPAGE :  user => root( id = 1) ; result => true', 1),
	(1751, '2019-09-15 08:08:17', 'HOMEPAGE :  user => root( id = 1) ; result => true', 1),
	(1752, '2019-09-15 08:09:24', 'HOMEPAGE :  user => root( id = 1) ; result => true', 1),
	(1753, '2019-09-15 08:10:52', 'HOMEPAGE :  user => root( id = 1) ; result => true', 1),
	(1754, '2019-09-15 08:11:12', 'HOMEPAGE :  user => root( id = 1) ; result => true', 1),
	(1755, '2019-09-15 08:11:15', 'HOMEPAGE :  user => root( id = 1) ; result => true', 1),
	(1756, '2019-09-15 08:11:30', 'HOMEPAGE :  user => root( id = 1) ; result => true', 1),
	(1757, '2019-09-15 08:11:37', 'HOMEPAGE :  user => root( id = 1) ; result => true', 1),
	(1758, '2019-09-15 08:11:53', 'HOMEPAGE :  user => root( id = 1) ; result => true', 1),
	(1759, '2019-09-15 08:11:55', 'HOMEPAGE :  user => root( id = 1) ; result => true', 1),
	(1760, '2019-09-15 08:14:03', 'HOMEPAGE :  user => root( id = 1) ; result => true', 1),
	(1761, '2019-09-15 08:14:13', 'HOMEPAGE :  user => root( id = 1) ; result => true', 1),
	(1762, '2019-09-15 08:14:16', 'HOMEPAGE :  user => root( id = 1) ; result => true', 1),
	(1763, '2019-09-15 08:14:17', 'HOMEPAGE :  user => root( id = 1) ; result => true', 1),
	(1764, '2019-09-15 08:14:18', 'HOMEPAGE :  user => root( id = 1) ; result => true', 1),
	(1765, '0000-00-00 00:00:00', 'true', 1),
	(1766, '2019-10-02 16:51:00', 'HOMEPAGE :  user => root( id = 1) ; result => true', 1),
	(1767, '2019-10-02 17:26:34', 'HOMEPAGE :  user => root( id = 1) ; result => true', 1),
	(1768, '0000-00-00 00:00:00', 'true', 1),
	(1769, '2019-10-03 15:07:51', 'HOMEPAGE :  user => root( id = 1) ; result => true', 1),
	(1770, '2019-10-03 15:09:24', 'HOMEPAGE :  user => root( id = 1) ; result => true', 1),
	(1771, '2019-10-03 15:10:06', 'HOMEPAGE :  user => root( id = 1) ; result => true', 1),
	(1772, '2019-10-03 15:10:13', 'HOMEPAGE :  user => root( id = 1) ; result => true', 1),
	(1773, '2019-10-03 15:12:40', 'HOMEPAGE :  user => root( id = 1) ; result => true', 1),
	(1774, '2019-10-03 15:12:43', 'HOMEPAGE :  user => root( id = 1) ; result => true', 1),
	(1775, '2019-10-03 15:12:49', 'HOMEPAGE :  user => root( id = 1) ; result => true', 1),
	(1776, '0000-00-00 00:00:00', 'true', 1),
	(1777, '2019-10-04 07:18:04', 'HOMEPAGE :  user => root( id = 1) ; result => true', 1),
	(1778, '2019-10-04 07:18:07', 'HOMEPAGE :  user => root( id = 1) ; result => true', 1),
	(1779, '2019-10-04 07:32:34', 'HOMEPAGE :  user => root( id = 1) ; result => true', 1),
	(1780, '0000-00-00 00:00:00', 'true', 1),
	(1781, '2019-10-04 07:33:13', 'HOMEPAGE :  user => root( id = 1) ; result => true', 1),
	(1782, '0000-00-00 00:00:00', 'true', 1),
	(1783, '2019-10-04 07:41:32', 'HOMEPAGE :  user => root( id = 1) ; result => true', 1),
	(1784, '2019-10-04 07:41:46', 'HOMEPAGE :  user => root( id = 1) ; result => true', 1),
	(1785, '0000-00-00 00:00:00', 'true', 1),
	(1786, '2019-10-04 07:43:28', 'HOMEPAGE :  user => root( id = 1) ; result => true', 1),
	(1787, '2019-10-04 07:43:37', 'HOMEPAGE :  user => root( id = 1) ; result => true', 1),
	(1788, '2019-10-04 07:43:49', 'HOMEPAGE :  user => root( id = 1) ; result => true', 1),
	(1789, '2019-10-04 07:44:24', 'HOMEPAGE :  user => root( id = 1) ; result => true', 1),
	(1790, '2019-10-04 07:44:50', 'HOMEPAGE :  user => root( id = 1) ; result => true', 1),
	(1791, '2019-10-04 07:44:52', 'HOMEPAGE :  user => root( id = 1) ; result => true', 1),
	(1792, '2019-10-04 07:46:50', 'HOMEPAGE :  user => root( id = 1) ; result => true', 1),
	(1793, '2019-10-04 07:47:13', 'HOMEPAGE :  user => root( id = 1) ; result => true', 1),
	(1794, '2019-10-04 07:47:30', 'HOMEPAGE :  user => root( id = 1) ; result => true', 1),
	(1795, '0000-00-00 00:00:00', 'true', 1),
	(1796, '2019-10-20 05:00:24', 'HOMEPAGE :  user => root( id = 1) ; result => true', 1),
	(1797, '2019-10-20 05:00:29', 'HOMEPAGE :  user => root( id = 1) ; result => true', 1),
	(1798, '2019-10-20 05:00:41', 'HOMEPAGE :  user => root( id = 1) ; result => true', 1),
	(1799, '2019-10-20 05:06:24', 'HOMEPAGE :  user => root( id = 1) ; result => true', 1),
	(1800, '2019-10-20 05:06:29', 'HOMEPAGE :  user => root( id = 1) ; result => true', 1),
	(1801, '2019-10-20 05:06:37', 'HOMEPAGE :  user => root( id = 1) ; result => true', 1),
	(1802, '2019-10-20 05:06:47', 'HOMEPAGE :  user => root( id = 1) ; result => true', 1),
	(1803, '2019-10-20 05:09:10', 'HOMEPAGE :  user => root( id = 1) ; result => true', 1),
	(1804, '2019-10-20 05:20:07', 'HOMEPAGE :  user => root( id = 1) ; result => true', 1),
	(1805, '2019-10-20 05:20:08', 'HOMEPAGE :  user => root( id = 1) ; result => true', 1),
	(1806, '2021-07-04 14:47:52', 'a person REGISTER in system ; result =>false', 0),
	(1807, '2021-07-04 14:48:15', 'a person REGISTER in system ; result =>true', 0),
	(1808, '0000-00-00 00:00:00', 'true', 11),
	(1809, '0000-00-00 00:00:00', 'true', 11),
	(1810, '2021-07-04 15:00:57', 'HOMEPAGE :  user => adefsing( id = 11) ; result => true', 11),
	(1811, '2021-07-04 15:01:02', 'HOMEPAGE :  user => adefsing( id = 11) ; result => true', 11),
	(1812, '2021-07-04 15:01:09', 'HOMEPAGE :  user => adefsing( id = 11) ; result => true', 11),
	(1813, '2021-07-04 15:01:16', 'HOMEPAGE :  user => adefsing( id = 11) ; result => true', 11),
	(1814, '2021-07-04 15:01:20', 'HOMEPAGE :  user => adefsing( id = 11) ; result => true', 11),
	(1815, '2021-07-04 15:01:45', 'HOMEPAGE :  user => adefsing( id = 11) ; result => true', 11),
	(1816, '2021-07-04 15:02:02', 'HOMEPAGE :  user => adefsing( id = 11) ; result => true', 11),
	(1817, '2021-07-04 15:02:03', 'HOMEPAGE :  user => adefsing( id = 11) ; result => true', 11),
	(1818, '2021-07-04 15:02:36', 'HOMEPAGE :  user => adefsing( id = 11) ; result => true', 11),
	(1819, '2021-07-04 15:02:46', 'HOMEPAGE :  user => adefsing( id = 11) ; result => true', 11),
	(1820, '2021-07-04 15:02:47', 'HOMEPAGE :  user => adefsing( id = 11) ; result => true', 11),
	(1821, '2021-07-04 15:03:36', 'HOMEPAGE :  user => adefsing( id = 11) ; result => true', 11),
	(1822, '2021-07-04 15:03:41', 'HOMEPAGE :  user => adefsing( id = 11) ; result => true', 11),
	(1823, '2021-07-04 15:03:43', 'HOMEPAGE :  user => adefsing( id = 11) ; result => true', 11),
	(1824, '2021-07-04 15:03:44', 'HOMEPAGE :  user => adefsing( id = 11) ; result => true', 11),
	(1825, '2021-07-04 15:20:43', 'HOMEPAGE :  user => adefsing( id = 11) ; result => true', 11),
	(1826, '2021-07-04 15:20:45', 'HOMEPAGE :  user => adefsing( id = 11) ; result => true', 11),
	(1827, '2021-07-04 15:20:48', 'HOMEPAGE :  user => adefsing( id = 11) ; result => true', 11),
	(1828, '2021-07-04 15:21:42', 'HOMEPAGE :  user => adefsing( id = 11) ; result => true', 11),
	(1829, '2021-07-04 15:22:13', 'HOMEPAGE :  user => adefsing( id = 11) ; result => true', 11),
	(1830, '2021-07-04 15:22:16', 'HOMEPAGE :  user => adefsing( id = 11) ; result => true', 11),
	(1831, '2021-07-04 15:22:56', 'HOMEPAGE :  user => adefsing( id = 11) ; result => true', 11),
	(1832, '2021-07-04 15:24:10', 'HOMEPAGE :  user => adefsing( id = 11) ; result => true', 11),
	(1833, '2021-07-04 15:24:19', 'HOMEPAGE :  user => adefsing( id = 11) ; result => true', 11),
	(1834, '2021-07-04 18:46:18', 'HOMEPAGE :  user => adefsing( id = 11) ; result => true', 11),
	(1835, '2021-07-04 18:46:45', 'HOMEPAGE :  user => adefsing( id = 11) ; result => true', 11),
	(1836, '2021-07-04 19:25:14', 'HOMEPAGE :  user => adefsing( id = 11) ; result => true', 11),
	(1837, '0000-00-00 00:00:00', 'false =>Username atau password salah!', 0),
	(1838, '0000-00-00 00:00:00', 'true', 11),
	(1839, '2021-07-05 02:43:55', 'HOMEPAGE :  user => adefsing( id = 11) ; result => true', 11),
	(1840, '2021-07-05 02:44:09', 'HOMEPAGE :  user => adefsing( id = 11) ; result => true', 11),
	(1841, '2021-07-05 02:44:23', 'HOMEPAGE :  user => adefsing( id = 11) ; result => true', 11),
	(1842, '2021-07-05 02:44:28', 'HOMEPAGE :  user => adefsing( id = 11) ; result => true', 11),
	(1843, '2021-07-05 02:44:51', 'HOMEPAGE :  user => adefsing( id = 11) ; result => true', 11),
	(1844, '2021-07-05 02:45:44', 'HOMEPAGE :  user => adefsing( id = 11) ; result => true', 11),
	(1845, '2021-07-05 02:45:56', 'HOMEPAGE :  user => adefsing( id = 11) ; result => true', 11),
	(1846, '2021-07-05 02:47:22', 'HOMEPAGE :  user => adefsing( id = 11) ; result => true', 11),
	(1847, '2021-07-05 02:48:30', 'HOMEPAGE :  user => adefsing( id = 11) ; result => true', 11),
	(1848, '2021-07-05 02:48:35', 'HOMEPAGE :  user => adefsing( id = 11) ; result => true', 11),
	(1849, '2021-07-05 02:50:04', 'HOMEPAGE :  user => adefsing( id = 11) ; result => true', 11),
	(1850, '2021-07-05 02:50:14', 'HOMEPAGE :  user => adefsing( id = 11) ; result => true', 11),
	(1851, '2021-07-05 04:12:08', 'HOMEPAGE :  user => adefsing( id = 11) ; result => true', 11),
	(1852, '2021-07-05 04:12:10', 'HOMEPAGE :  user => adefsing( id = 11) ; result => true', 11),
	(1853, '0000-00-00 00:00:00', 'true', 11),
	(1854, '2021-07-07 02:27:22', 'HOMEPAGE :  user => adefsing( id = 11) ; result => true', 11),
	(1855, '2021-07-07 02:27:28', 'HOMEPAGE :  user => adefsing( id = 11) ; result => true', 11),
	(1856, '2021-07-07 02:31:59', 'HOMEPAGE :  user => adefsing( id = 11) ; result => true', 11),
	(1857, '2021-07-07 02:35:31', 'HOMEPAGE :  user => adefsing( id = 11) ; result => true', 11),
	(1858, '2021-07-07 02:35:45', 'HOMEPAGE :  user => adefsing( id = 11) ; result => true', 11),
	(1859, '2021-07-07 02:36:08', 'HOMEPAGE :  user => adefsing( id = 11) ; result => true', 11),
	(1860, '2021-07-07 02:36:17', 'HOMEPAGE :  user => adefsing( id = 11) ; result => true', 11),
	(1861, '2021-07-07 04:02:43', 'HOMEPAGE :  user => adefsing( id = 11) ; result => true', 11),
	(1862, '0000-00-00 00:00:00', 'true', 11),
	(1863, '2021-07-07 06:08:19', 'HOMEPAGE :  user => adefsing( id = 11) ; result => true', 11),
	(1864, '2021-07-07 06:08:23', 'HOMEPAGE :  user => adefsing( id = 11) ; result => true', 11),
	(1865, '2021-07-07 06:08:39', 'HOMEPAGE :  user => adefsing( id = 11) ; result => true', 11),
	(1866, '2021-07-07 06:08:47', 'HOMEPAGE :  user => adefsing( id = 11) ; result => true', 11),
	(1867, '2021-07-07 06:08:53', 'HOMEPAGE :  user => adefsing( id = 11) ; result => true', 11),
	(1868, '0000-00-00 00:00:00', 'true', 11),
	(1869, '2021-07-07 14:50:45', 'HOMEPAGE :  user => adefsing( id = 11) ; result => true', 11),
	(1870, '2021-07-07 14:50:48', 'HOMEPAGE :  user => adefsing( id = 11) ; result => true', 11),
	(1871, '2021-07-07 14:52:09', 'HOMEPAGE :  user => adefsing( id = 11) ; result => true', 11),
	(1872, '2021-07-07 14:53:01', 'HOMEPAGE :  user => adefsing( id = 11) ; result => true', 11),
	(1873, '2021-07-07 14:53:08', 'HOMEPAGE :  user => adefsing( id = 11) ; result => true', 11),
	(1874, '2021-07-07 14:53:12', 'HOMEPAGE :  user => adefsing( id = 11) ; result => true', 11),
	(1875, '2021-07-07 15:02:15', 'HOMEPAGE :  user => adefsing( id = 11) ; result => true', 11),
	(1876, '2021-07-07 15:03:06', 'HOMEPAGE :  user => adefsing( id = 11) ; result => true', 11),
	(1877, '2021-07-07 15:03:55', 'HOMEPAGE :  user => adefsing( id = 11) ; result => true', 11),
	(1878, '2021-07-07 15:05:08', 'HOMEPAGE :  user => adefsing( id = 11) ; result => true', 11),
	(1879, '2021-07-07 15:08:05', 'HOMEPAGE :  user => adefsing( id = 11) ; result => true', 11),
	(1880, '2021-07-07 15:08:06', 'HOMEPAGE :  user => adefsing( id = 11) ; result => true', 11),
	(1881, '2021-07-07 15:09:41', 'HOMEPAGE :  user => adefsing( id = 11) ; result => true', 11),
	(1882, '2021-07-07 15:10:02', 'HOMEPAGE :  user => adefsing( id = 11) ; result => true', 11),
	(1883, '2021-07-07 15:11:35', 'HOMEPAGE :  user => adefsing( id = 11) ; result => true', 11),
	(1884, '0000-00-00 00:00:00', 'true', 11),
	(1885, '2021-07-07 21:37:25', 'HOMEPAGE :  user => adefsing( id = 11) ; result => true', 11),
	(1886, '2021-07-07 21:37:27', 'HOMEPAGE :  user => adefsing( id = 11) ; result => true', 11),
	(1887, '2021-07-07 21:46:47', 'HOMEPAGE :  user => adefsing( id = 11) ; result => true', 11),
	(1888, '2021-07-07 21:46:49', 'HOMEPAGE :  user => adefsing( id = 11) ; result => true', 11),
	(1889, '2021-07-07 21:50:18', 'HOMEPAGE :  user => adefsing( id = 11) ; result => true', 11),
	(1890, '2021-07-07 21:52:17', 'HOMEPAGE :  user => adefsing( id = 11) ; result => true', 11),
	(1891, '0000-00-00 00:00:00', 'true', 11),
	(1892, '2021-07-08 08:43:01', 'HOMEPAGE :  user => adefsing( id = 11) ; result => true', 11),
	(1893, '2021-07-08 08:43:04', 'HOMEPAGE :  user => adefsing( id = 11) ; result => true', 11),
	(1894, '2021-07-08 08:43:10', 'HOMEPAGE :  user => adefsing( id = 11) ; result => true', 11),
	(1895, '2021-07-08 08:43:11', 'HOMEPAGE :  user => adefsing( id = 11) ; result => true', 11),
	(1896, '2021-07-08 08:45:05', 'HOMEPAGE :  user => adefsing( id = 11) ; result => true', 11),
	(1897, '2021-07-08 08:45:59', 'HOMEPAGE :  user => adefsing( id = 11) ; result => true', 11),
	(1898, '2021-07-08 08:48:50', 'HOMEPAGE :  user => adefsing( id = 11) ; result => true', 11),
	(1899, '2021-07-08 08:53:03', 'HOMEPAGE :  user => adefsing( id = 11) ; result => true', 11),
	(1900, '2021-07-08 08:53:17', 'HOMEPAGE :  user => adefsing( id = 11) ; result => true', 11),
	(1901, '2021-07-08 08:53:40', 'HOMEPAGE :  user => adefsing( id = 11) ; result => true', 11),
	(1902, '2021-07-08 08:53:43', 'HOMEPAGE :  user => adefsing( id = 11) ; result => true', 11),
	(1903, '2021-07-08 08:54:03', 'HOMEPAGE :  user => adefsing( id = 11) ; result => true', 11),
	(1904, '2021-07-08 08:54:37', 'HOMEPAGE :  user => adefsing( id = 11) ; result => true', 11),
	(1905, '2021-07-08 08:54:48', 'HOMEPAGE :  user => adefsing( id = 11) ; result => true', 11),
	(1906, '2021-07-08 08:55:06', 'HOMEPAGE :  user => adefsing( id = 11) ; result => true', 11),
	(1907, '2021-07-08 08:55:15', 'HOMEPAGE :  user => adefsing( id = 11) ; result => true', 11),
	(1908, '2021-07-08 08:55:16', 'HOMEPAGE :  user => adefsing( id = 11) ; result => true', 11),
	(1909, '2021-07-08 08:56:50', 'HOMEPAGE :  user => adefsing( id = 11) ; result => true', 11),
	(1910, '2021-07-08 08:56:56', 'HOMEPAGE :  user => adefsing( id = 11) ; result => true', 11),
	(1911, '2021-07-08 09:14:47', 'HOMEPAGE :  user => adefsing( id = 11) ; result => true', 11),
	(1912, '2021-07-08 09:14:50', 'HOMEPAGE :  user => adefsing( id = 11) ; result => true', 11),
	(1913, '2021-07-08 09:14:52', 'HOMEPAGE :  user => adefsing( id = 11) ; result => true', 11),
	(1914, '2021-07-08 09:14:54', 'HOMEPAGE :  user => adefsing( id = 11) ; result => true', 11),
	(1915, '2021-07-08 09:14:58', 'HOMEPAGE :  user => adefsing( id = 11) ; result => true', 11),
	(1916, '2021-07-08 09:25:30', 'HOMEPAGE :  user => adefsing( id = 11) ; result => true', 11),
	(1917, '2021-07-08 09:25:38', 'HOMEPAGE :  user => adefsing( id = 11) ; result => true', 11),
	(1918, '2021-07-08 09:25:43', 'HOMEPAGE :  user => adefsing( id = 11) ; result => true', 11),
	(1919, '2021-07-08 09:26:03', 'HOMEPAGE :  user => adefsing( id = 11) ; result => true', 11),
	(1920, '2021-07-08 09:26:05', 'HOMEPAGE :  user => adefsing( id = 11) ; result => true', 11),
	(1921, '2021-07-08 09:26:07', 'HOMEPAGE :  user => adefsing( id = 11) ; result => true', 11),
	(1922, '2021-07-08 09:30:37', 'HOMEPAGE :  user => adefsing( id = 11) ; result => true', 11),
	(1923, '2021-07-08 09:30:40', 'HOMEPAGE :  user => adefsing( id = 11) ; result => true', 11),
	(1924, '2021-07-08 09:30:52', 'HOMEPAGE :  user => adefsing( id = 11) ; result => true', 11),
	(1925, '2021-07-08 09:30:54', 'HOMEPAGE :  user => adefsing( id = 11) ; result => true', 11),
	(1926, '2021-07-08 09:30:56', 'HOMEPAGE :  user => adefsing( id = 11) ; result => true', 11),
	(1927, '2021-07-08 09:30:56', 'HOMEPAGE :  user => adefsing( id = 11) ; result => true', 11),
	(1928, '2021-07-08 09:31:02', 'HOMEPAGE :  user => adefsing( id = 11) ; result => true', 11),
	(1929, '2021-07-08 09:31:07', 'HOMEPAGE :  user => adefsing( id = 11) ; result => true', 11),
	(1930, '2021-07-08 09:31:08', 'HOMEPAGE :  user => adefsing( id = 11) ; result => true', 11),
	(1931, '2021-07-08 09:31:09', 'HOMEPAGE :  user => adefsing( id = 11) ; result => true', 11),
	(1932, '2021-07-08 09:58:41', 'HOMEPAGE :  user => adefsing( id = 11) ; result => true', 11),
	(1933, '0000-00-00 00:00:00', 'true', 11),
	(1934, '2021-07-08 15:20:11', 'HOMEPAGE :  user => adefsing( id = 11) ; result => true', 11),
	(1935, '2021-07-08 15:20:44', 'HOMEPAGE :  user => adefsing( id = 11) ; result => true', 11),
	(1936, '2021-07-08 15:21:18', 'HOMEPAGE :  user => adefsing( id = 11) ; result => true', 11),
	(1937, '2021-07-08 15:21:32', 'HOMEPAGE :  user => adefsing( id = 11) ; result => true', 11),
	(1938, '2021-07-08 15:21:43', 'HOMEPAGE :  user => adefsing( id = 11) ; result => true', 11),
	(1939, '2021-07-08 15:23:20', 'HOMEPAGE :  user => adefsing( id = 11) ; result => true', 11),
	(1940, '2021-07-08 15:24:19', 'HOMEPAGE :  user => adefsing( id = 11) ; result => true', 11),
	(1941, '2021-07-08 15:24:20', 'HOMEPAGE :  user => adefsing( id = 11) ; result => true', 11),
	(1942, '2021-07-08 15:24:30', 'HOMEPAGE :  user => adefsing( id = 11) ; result => true', 11),
	(1943, '2021-07-08 15:24:56', 'HOMEPAGE :  user => adefsing( id = 11) ; result => true', 11),
	(1944, '2021-07-08 15:25:17', 'HOMEPAGE :  user => adefsing( id = 11) ; result => true', 11),
	(1945, '2021-07-08 15:25:22', 'HOMEPAGE :  user => adefsing( id = 11) ; result => true', 11),
	(1946, '2021-07-08 15:25:33', 'HOMEPAGE :  user => adefsing( id = 11) ; result => true', 11),
	(1947, '2021-07-08 15:25:50', 'HOMEPAGE :  user => adefsing( id = 11) ; result => true', 11),
	(1948, '2021-07-08 15:31:00', 'HOMEPAGE :  user => adefsing( id = 11) ; result => true', 11),
	(1949, '2021-07-08 15:31:25', 'HOMEPAGE :  user => adefsing( id = 11) ; result => true', 11),
	(1950, '2021-07-08 15:31:26', 'HOMEPAGE :  user => adefsing( id = 11) ; result => true', 11),
	(1951, '2021-07-08 15:32:35', 'HOMEPAGE :  user => adefsing( id = 11) ; result => true', 11),
	(1952, '2021-07-08 15:32:40', 'HOMEPAGE :  user => adefsing( id = 11) ; result => true', 11),
	(1953, '2021-07-08 16:10:09', 'HOMEPAGE :  user => adefsing( id = 11) ; result => true', 11),
	(1954, '2021-07-08 16:10:33', 'HOMEPAGE :  user => adefsing( id = 11) ; result => true', 11),
	(1955, '2021-07-08 16:12:08', 'HOMEPAGE :  user => adefsing( id = 11) ; result => true', 11),
	(1956, '2021-07-08 16:12:12', 'HOMEPAGE :  user => adefsing( id = 11) ; result => true', 11),
	(1957, '2021-07-08 16:25:29', 'HOMEPAGE :  user => adefsing( id = 11) ; result => true', 11),
	(1958, '2021-07-08 16:28:13', 'HOMEPAGE :  user => adefsing( id = 11) ; result => true', 11),
	(1959, '2021-07-08 16:40:08', 'HOMEPAGE :  user => adefsing( id = 11) ; result => true', 11);
/*!40000 ALTER TABLE `log` ENABLE KEYS */;

-- Dumping structure for table db_tomat.user
CREATE TABLE IF NOT EXISTS `user` (
  `user_id` int(11) NOT NULL AUTO_INCREMENT,
  `user_username` varchar(200) NOT NULL,
  `user_password` varchar(100) NOT NULL,
  `user_status` tinyint(1) NOT NULL,
  `user_level` int(5) NOT NULL,
  `create_date` date NOT NULL,
  PRIMARY KEY (`user_id`)
) ENGINE=InnoDB AUTO_INCREMENT=193 DEFAULT CHARSET=latin1;

-- Dumping data for table db_tomat.user: ~0 rows (approximately)
/*!40000 ALTER TABLE `user` DISABLE KEYS */;
INSERT INTO `user` (`user_id`, `user_username`, `user_password`, `user_status`, `user_level`, `create_date`) VALUES
	(11, 'adefsing', '4703793462bdeec504424fdbca467e16', 1, 1, '2021-07-04');
/*!40000 ALTER TABLE `user` ENABLE KEYS */;

-- Dumping structure for table db_tomat.user_profile
CREATE TABLE IF NOT EXISTS `user_profile` (
  `user_id` int(10) NOT NULL,
  `user_profile_fullname` varchar(200) NOT NULL,
  `user_profile_address` text NOT NULL,
  `user_profile_image_path` text NOT NULL,
  `user_profile_email` varchar(200) NOT NULL,
  `user_profile_phone` text NOT NULL,
  PRIMARY KEY (`user_id`)
) ENGINE=InnoDB DEFAULT CHARSET=latin1;

-- Dumping data for table db_tomat.user_profile: ~1 rows (approximately)
/*!40000 ALTER TABLE `user_profile` DISABLE KEYS */;
INSERT INTO `user_profile` (`user_id`, `user_profile_fullname`, `user_profile_address`, `user_profile_image_path`, `user_profile_email`, `user_profile_phone`) VALUES
	(11, 'adef', '', '', 'adefsing@gmail.com', '');
/*!40000 ALTER TABLE `user_profile` ENABLE KEYS */;

/*!40101 SET SQL_MODE=IFNULL(@OLD_SQL_MODE, '') */;
/*!40014 SET FOREIGN_KEY_CHECKS=IF(@OLD_FOREIGN_KEY_CHECKS IS NULL, 1, @OLD_FOREIGN_KEY_CHECKS) */;
/*!40101 SET CHARACTER_SET_CLIENT=@OLD_CHARACTER_SET_CLIENT */;
